group,filename,pred_prob,pred_label,rank_in_group,is_top_of_group,filename_norm,stamp_path,cx,cy,folder,f1_x,f1_y,f2_x,f2_y,f3_x,f3_y,dist,is_truth,asteroid_folder
test,20240801_A1192Lc/test/20240801_A1192Lc__csv__f2__0000000.npz,0.10433123,0,14,0,test/20240801_A1192Lc__csv__f2__0000000.npz,test/20240801_A1192Lc__csv__f2__0000000.npz,1.4659485369379863,335.0927938371832,20240801_A1192Lc,1.7517148498223492,444.6009224538911,2.4659485369379865,336.0927938371832,3.601675691950561,229.50757709031407,2.220446049250313e-16,False,20240801_A1192Lc
test,20240801_A1192Lc/test/20240801_A1192Lc__csv__f2__0000001.npz,0.17888394,0,6,0,test/20240801_A1192Lc__csv__f2__0000001.npz,test/20240801_A1192Lc__csv__f2__0000001.npz,189.6664268744232,374.906374578602,20240801_A1192Lc,286.76703855412245,345.1451331604703,190.6664268744232,375.906374578602,96.12736180424396,405.6632918324907,0.0,False,20240801_A1192Lc
test,20240801_A1192Lc/test/20240801_A1192Lc__csv__f2__0000002.npz,0.051818274,0,23,0,test/20240801_A1192Lc__csv__f2__0000002.npz,test/20240801_A1192Lc__csv__f2__0000002.npz,204.3293554285816,75.10897310849052,20240801_A1192Lc,79.81924095191712,90.19932874174889,205.3293554285816,76.10897310849052,332.59848281940833,61.00853232103748,0.0,False,20240801_A1192Lc
test,20240801_A1192Lc/test/20240801_A1192Lc__csv__f2__0000003.npz,0.01517901,0,28,0,test/20240801_A1192Lc__csv__f2__0000003.npz,test/20240801_A1192Lc__csv__f2__0000003.npz,2.396728268527795,49.24101844666879,20240801_A1192Lc,2.567560276940867,86.30014539771406,3.396728268527795,50.24101844666879,3.9797912622098863,16.24725636136708,0.0,False,20240801_A1192Lc
test,20240801_A1192Lc/test/20240801_A1192Lc__csv__f2__0000004.npz,0.2095394,0,4,0,test/20240801_A1192Lc__csv__f2__0000004.npz,test/20240801_A1192Lc__csv__f2__0000004.npz,245.719258179324,149.75214805087563,20240801_A1192Lc,222.6171941632074,252.9837967597955,246.719258179324,150.75214805087563,270.6759637281352,51.0716468630491,0.0,False,20240801_A1192Lc
test,20240801_A1192Lc/test/20240801_A1192Lc__csv__f2__0000005.npz,0.13720511,0,10,0,test/20240801_A1192Lc__csv__f2__0000005.npz,test/20240801_A1192Lc__csv__f2__0000005.npz,13.833355402245871,349.12339113507073,20240801_A1192Lc,3.0588343388869816,229.7890818437708,14.833355402245871,350.12339113507073,26.37274700766352,467.26245735764337,0.0,False,20240801_A1192Lc
test,20240801_A1192Lc/test/20240801_A1192Lc__csv__f2__0000006.npz,0.0070102243,0,30,0,test/20240801_A1192Lc__csv__f2__0000006.npz,test/20240801_A1192Lc__csv__f2__0000006.npz,33.788813640696446,1.471917967684078,20240801_A1192Lc,3.827154332681573,3.9183084395006063,34.788813640696446,2.471917967684078,67.79572132672291,0.6118135600419805,2.220446049250313e-16,False,20240801_A1192Lc
test,20240801_A1192Lc/test/20240801_A1192Lc__csv__f2__0000007.npz,0.062217373,0,21,0,test/20240801_A1192Lc__csv__f2__0000007.npz,test/20240801_A1192Lc__csv__f2__0000007.npz,128.08685627166034,47.86071108461573,20240801_A1192Lc,128.0731805694419,48.01322253948357,129.08685627166034,48.86071108461573,128.8181207337439,48.09494585922136,0.0,False,20240801_A1192Lc
test,20240801_A1192Lc/test/20240801_A1192Lc__csv__f2__0000008.npz,0.08163495,0,16,0,test/20240801_A1192Lc__csv__f2__0000008.npz,test/20240801_A1192Lc__csv__f2__0000008.npz,291.24741501156046,129.46425434120275,20240801_A1192Lc,259.63645073265855,100.25099539032198,292.24741501156046,130.46425434120275,323.8724842475905,158.49515636769698,0.0,False,20240801_A1192Lc
test,20240801_A1192Lc/test/20240801_A1192Lc__csv__f2__0000009.npz,0.036783047,0,25,0,test/20240801_A1192Lc__csv__f2__0000009.npz,test/20240801_A1192Lc__csv__f2__0000009.npz,253.8570209741009,86.63028298863802,20240801_A1192Lc,221.67789866342963,69.21285818806564,254.8570209741009,87.63028298863802,290.20528678739686,105.42054183684924,0.0,False,20240801_A1192Lc
test,20240801_A1192Lc/test/20240801_A1192Lc__csv__f2__0000010.npz,0.14276035,0,9,0,test/20240801_A1192Lc__csv__f2__0000010.npz,test/20240801_A1192Lc__csv__f2__0000010.npz,283.303320773239,78.92154106598875,20240801_A1192Lc,246.63262284068827,150.273608677661,284.303320773239,79.92154106598875,320.87013211946095,7.5233687863143075,0.0,False,20240801_A1192Lc
test,20240801_A1192Lc/test/20240801_A1192Lc__csv__f2__0000011.npz,0.012776547,0,29,0,test/20240801_A1192Lc__csv__f2__0000011.npz,test/20240801_A1192Lc__csv__f2__0000011.npz,268.2051251482772,109.57853883372132,20240801_A1192Lc,254.6561870975788,121.10582313708451,269.2051251482772,110.57853883372132,281.2428212513857,101.38957035928983,0.0,False,20240801_A1192Lc
test,20240801_A1192Lc/test/20240801_A1192Lc__csv__f2__0000012.npz,0.08063115,0,17,0,test/20240801_A1192Lc__csv__f2__0000012.npz,test/20240801_A1192Lc__csv__f2__0000012.npz,333.3765951797001,97.77710660227572,20240801_A1192Lc,228.1629873224984,56.64086450312644,334.3765951797001,98.77710660227572,439.11954228030027,143.83715915482065,0.0,False,20240801_A1192Lc
test,20240801_A1192Lc/test/20240801_A1192Lc__csv__f2__0000013.npz,0.03451659,0,26,0,test/20240801_A1192Lc__csv__f2__0000013.npz,test/20240801_A1192Lc__csv__f2__0000013.npz,266.46730313875145,61.478263982836125,20240801_A1192Lc,253.72064133215,0.4371127113472255,267.46730313875145,62.478263982836125,282.4634662115716,127.48547388461132,0.0,False,20240801_A1192Lc
test,20240801_A1192Lc/test/20240801_A1192Lc__csv__f2__0000014.npz,0.17269352,0,7,0,test/20240801_A1192Lc__csv__f2__0000014.npz,test/20240801_A1192Lc__csv__f2__0000014.npz,156.57527309053506,262.00767590709086,20240801_A1192Lc,190.66043690084427,375.2499346085516,157.57527309053506,263.00767590709086,127.80514463527902,152.86130711134356,0.0,False,20240801_A1192Lc
test,20240801_A1192Lc/test/20240801_A1192Lc__csv__f2__0000015.npz,0.055755105,0,22,0,test/20240801_A1192Lc__csv__f2__0000015.npz,test/20240801_A1192Lc__csv__f2__0000015.npz,504.81635158529207,1.58710104328398,20240801_A1192Lc,506.12145851405,1.05159926783449,505.81635158529207,2.58710104328398,505.8779855961833,0.7413862722837621,0.0,False,20240801_A1192Lc
test,20240801_A1192Lc/test/20240801_A1192Lc__csv__f2__0000016.npz,0.37492493,0,1,1,test/20240801_A1192Lc__csv__f2__0000016.npz,test/20240801_A1192Lc__csv__f2__0000016.npz,244.8797510833029,270.5916953386642,20240801_A1192Lc,245.59928092434416,272.41046376053714,245.8797510833029,271.5916953386642,248.8939582962417,269.29288214698323,0.0,True,20240801_A1192Lc
test,20240801_A1192Lc/test/20240801_A1192Lc__csv__f2__0000017.npz,0.23147273,0,2,0,test/20240801_A1192Lc__csv__f2__0000017.npz,test/20240801_A1192Lc__csv__f2__0000017.npz,373.3962556717746,111.24933911184796,20240801_A1192Lc,468.8683726632557,49.64274572763037,374.3962556717746,112.24933911184796,280.148614523262,169.9657753265671,0.0,False,20240801_A1192Lc
test,20240801_A1192Lc/test/20240801_A1192Lc__csv__f2__0000018.npz,0.07247159,0,18,0,test/20240801_A1192Lc__csv__f2__0000018.npz,test/20240801_A1192Lc__csv__f2__0000018.npz,252.9248737824522,35.86887150487976,20240801_A1192Lc,254.49781024264985,78.42291240437734,253.9248737824522,36.86887150487976,253.9437346411164,0.2831476077066668,0.0,False,20240801_A1192Lc
test,20240801_A1192Lc/test/20240801_A1192Lc__csv__f2__0000019.npz,0.21070829,0,3,0,test/20240801_A1192Lc__csv__f2__0000019.npz,test/20240801_A1192Lc__csv__f2__0000019.npz,438.23886593839495,142.4533603464436,20240801_A1192Lc,473.21243079632194,113.16203746902414,439.23886593839495,143.4533603464436,409.6881695706679,171.0799237697796,0.0,False,20240801_A1192Lc
test,20240801_A1192Lc/test/20240801_A1192Lc__csv__f2__0000020.npz,0.16037846,0,8,0,test/20240801_A1192Lc__csv__f2__0000020.npz,test/20240801_A1192Lc__csv__f2__0000020.npz,2.583835514076327,452.2672437151746,20240801_A1192Lc,2.7719068955772457,414.78770229173097,3.583835514076327,453.2672437151746,7.760426313740652,493.805366674969,0.0,False,20240801_A1192Lc
test,20240801_A1192Lc/test/20240801_A1192Lc__csv__f2__0000021.npz,0.015679922,0,27,0,test/20240801_A1192Lc__csv__f2__0000021.npz,test/20240801_A1192Lc__csv__f2__0000021.npz,273.9340823383015,455.7062187425608,20240801_A1192Lc,278.65434546865447,456.2806904324791,274.9340823383015,456.7062187425608,275.91723278391646,456.8847807863604,0.0,False,20240801_A1192Lc
test,20240801_A1192Lc/test/20240801_A1192Lc__csv__f2__0000022.npz,0.13635758,0,11,0,test/20240801_A1192Lc__csv__f2__0000022.npz,test/20240801_A1192Lc__csv__f2__0000022.npz,111.16360475489763,216.4087449938661,20240801_A1192Lc,1.6301928941174992,253.10876921059983,112.16360475489763,217.4087449938661,218.58898496705103,186.88182186148708,0.0,False,20240801_A1192Lc
test,20240801_A1192Lc/test/20240801_A1192Lc__csv__f2__0000023.npz,0.10766272,0,13,0,test/20240801_A1192Lc__csv__f2__0000023.npz,test/20240801_A1192Lc__csv__f2__0000023.npz,253.09090854169847,119.77183380850344,20240801_A1192Lc,292.3413768718474,130.6899474072471,254.09090854169847,120.77183380850344,219.9362504537837,108.50278265600244,0.0,False,20240801_A1192Lc
test,20240801_A1192Lc/test/20240801_A1192Lc__csv__f2__0000024.npz,0.0979508,0,15,0,test/20240801_A1192Lc__csv__f2__0000024.npz,test/20240801_A1192Lc__csv__f2__0000024.npz,259.65158085089223,75.30019917494928,20240801_A1192Lc,254.02013888890485,36.43078351600795,260.65158085089223,76.30019917494928,269.3915493258791,110.74082794584292,0.0,False,20240801_A1192Lc
test,20240801_A1192Lc/test/20240801_A1192Lc__csv__f2__0000025.npz,0.062813394,0,20,0,test/20240801_A1192Lc__csv__f2__0000025.npz,test/20240801_A1192Lc__csv__f2__0000025.npz,500.16624509374,393.90783768114994,20240801_A1192Lc,498.0788057203608,323.8839379489879,501.16624509374,394.90783768114994,501.7176693817645,458.3293425804388,0.0,False,20240801_A1192Lc
test,20240801_A1192Lc/test/20240801_A1192Lc__csv__f2__0000026.npz,0.13305524,0,12,0,test/20240801_A1192Lc__csv__f2__0000026.npz,test/20240801_A1192Lc__csv__f2__0000026.npz,289.453126248128,158.2573812394087,20240801_A1192Lc,269.4153941388724,238.4909454315076,290.453126248128,159.2573812394087,305.80363174106145,85.99457808478337,0.0,False,20240801_A1192Lc
test,20240801_A1192Lc/test/20240801_A1192Lc__csv__f2__0000027.npz,0.18716301,0,5,0,test/20240801_A1192Lc__csv__f2__0000027.npz,test/20240801_A1192Lc__csv__f2__0000027.npz,12.65352197379869,460.80439242631326,20240801_A1192Lc,26.7754629289785,467.24538861493966,13.65352197379869,461.80439242631326,2.9044422815609323,451.0827328848724,0.0,False,20240801_A1192Lc
test,20240801_A1192Lc/test/20240801_A1192Lc__csv__f2__0000028.npz,0.04861847,0,24,0,test/20240801_A1192Lc__csv__f2__0000028.npz,test/20240801_A1192Lc__csv__f2__0000028.npz,2.24475899940984,200.00332100947864,20240801_A1192Lc,2.3082695796286714,336.27573670098883,3.24475899940984,201.00332100947864,19.39456373727208,69.41890823559402,0.0,False,20240801_A1192Lc
test,20240801_A1192Lc/test/20240801_A1192Lc__csv__f2__0000029.npz,0.005812624,0,31,0,test/20240801_A1192Lc__csv__f2__0000029.npz,test/20240801_A1192Lc__csv__f2__0000029.npz,4.893330115827922,25.882731675102576,20240801_A1192Lc,2.023227333677596,18.52090774620231,5.893330115827922,26.882731675102576,6.719509372192533,26.34154635443452,0.0,False,20240801_A1192Lc
test,20240801_A1192Lc/test/20240801_A1192Lc__csv__f2__0000030.npz,0.064813346,0,19,0,test/20240801_A1192Lc__csv__f2__0000030.npz,test/20240801_A1192Lc__csv__f2__0000030.npz,63.1492750441999,403.827160960334,20240801_A1192Lc,73.04160227295299,400.06457999604817,64.1492750441999,404.827160960334,64.3439088675338,404.5165038872559,0.0,False,20240801_A1192Lc
test,20240815_A119HJY/test/20240815_A119HJY__csv__f2__0000000.npz,0.124687254,0,10,0,test/20240815_A119HJY__csv__f2__0000000.npz,test/20240815_A119HJY__csv__f2__0000000.npz,53.90788984630271,110.41019514070666,20240815_A119HJY,108.29339197844394,215.3063627071832,54.90788984630271,111.41019514070666,2.0941516879145183,8.722431343852975,0.0,False,20240815_A119HJY
test,20240815_A119HJY/test/20240815_A119HJY__csv__f2__0000001.npz,0.8349557,1,1,1,test/20240815_A119HJY__csv__f2__0000001.npz,test/20240815_A119HJY__csv__f2__0000001.npz,166.89500337782545,367.19001720284695,20240815_A119HJY,234.52108349042928,407.8770319491923,167.89500337782545,368.19001720284695,102.70430336839198,329.565604348374,0.0,True,20240815_A119HJY
test,20240815_A119HJY/test/20240815_A119HJY__csv__f2__0000002.npz,0.055054106,0,19,0,test/20240815_A119HJY__csv__f2__0000002.npz,test/20240815_A119HJY__csv__f2__0000002.npz,60.68817880751419,185.78904884216016,20240815_A119HJY,62.50390825305141,186.74441822904885,61.68817880751419,186.78904884216016,62.11742698945773,186.56649673700545,0.0,False,20240815_A119HJY
test,20240815_A119HJY/test/20240815_A119HJY__csv__f2__0000003.npz,0.089134306,0,14,0,test/20240815_A119HJY__csv__f2__0000003.npz,test/20240815_A119HJY__csv__f2__0000003.npz,241.60025181499933,375.2891845182327,20240815_A119HJY,242.0416205243777,375.581649045331,242.60025181499933,376.2891845182327,242.24278077232813,375.6822249676729,0.0,False,20240815_A119HJY
test,20240815_A119HJY/test/20240815_A119HJY__csv__f2__0000004.npz,0.16945678,0,8,0,test/20240815_A119HJY__csv__f2__0000004.npz,test/20240815_A119HJY__csv__f2__0000004.npz,44.23402308897013,488.8519465132164,20240815_A119HJY,44.72103893072981,490.470537791454,45.23402308897013,489.8519465132164,45.074267218322944,490.778829205969,0.0,False,20240815_A119HJY
test,20240815_A119HJY/test/20240815_A119HJY__csv__f2__0000005.npz,0.019102782,0,24,0,test/20240815_A119HJY__csv__f2__0000005.npz,test/20240815_A119HJY__csv__f2__0000005.npz,270.480683807273,167.75275093103284,20240815_A119HJY,391.2577720554071,236.38035604041312,271.480683807273,168.75275093103284,152.84670032392623,104.222651981559,0.0,False,20240815_A119HJY
test,20240815_A119HJY/test/20240815_A119HJY__csv__f2__0000006.npz,0.00044738225,0,28,0,test/20240815_A119HJY__csv__f2__0000006.npz,test/20240815_A119HJY__csv__f2__0000006.npz,2.366111593996436,1.930646039943099,20240815_A119HJY,2.4526917670043247,0.9659735922759012,3.366111593996436,2.930646039943099,3.187093705207303,5.970159202886435,0.0,False,20240815_A119HJY
test,20240815_A119HJY/test/20240815_A119HJY__csv__f2__0000007.npz,0.024790313,0,22,0,test/20240815_A119HJY__csv__f2__0000007.npz,test/20240815_A119HJY__csv__f2__0000007.npz,363.87374906939954,509.3482153343888,20240815_A119HJY,364.0303112124011,510.1998454331821,364.87374906939954,510.3482153343888,364.0835366818605,511.1152387276585,0.0,False,20240815_A119HJY
test,20240815_A119HJY/test/20240815_A119HJY__csv__f2__0000008.npz,0.28079736,0,4,0,test/20240815_A119HJY__csv__f2__0000008.npz,test/20240815_A119HJY__csv__f2__0000008.npz,248.8333707314613,396.0635965918148,20240815_A119HJY,249.18178289629645,396.4176330551894,249.8333707314613,397.0635965918148,248.8422705724764,396.0918359224709,0.0,False,20240815_A119HJY
test,20240815_A119HJY/test/20240815_A119HJY__csv__f2__0000009.npz,0.33557993,0,3,0,test/20240815_A119HJY__csv__f2__0000009.npz,test/20240815_A119HJY__csv__f2__0000009.npz,499.7184963998784,417.7209197223041,20240815_A119HJY,499.9004986011527,418.7225131545045,500.7184963998784,418.7209197223041,499.2995072788586,418.29957462368407,0.0,False,20240815_A119HJY
test,20240815_A119HJY/test/20240815_A119HJY__csv__f2__0000010.npz,0.017390812,0,25,0,test/20240815_A119HJY__csv__f2__0000010.npz,test/20240815_A119HJY__csv__f2__0000010.npz,6.557786607418762,306.04218050853615,20240815_A119HJY,3.150272167967984,180.19579708866223,7.557786607418762,307.04218050853615,11.389543084882064,437.8753919863159,0.0,False,20240815_A119HJY
test,20240815_A119HJY/test/20240815_A119HJY__csv__f2__0000011.npz,0.11942962,0,12,0,test/20240815_A119HJY__csv__f2__0000011.npz,test/20240815_A119HJY__csv__f2__0000011.npz,120.50033371852264,175.67397697737437,20240815_A119HJY,212.01054028138648,60.42406848561586,121.50033371852264,176.67397697737437,28.954182237615868,287.5029503951379,0.0,False,20240815_A119HJY
test,20240815_A119HJY/test/20240815_A119HJY__csv__f2__0000012.npz,0.2628254,0,5,0,test/20240815_A119HJY__csv__f2__0000012.npz,test/20240815_A119HJY__csv__f2__0000012.npz,6.869874413027134,181.9276123003247,20240815_A119HJY,7.680439681798816,307.00232691961816,7.869874413027134,182.9276123003247,6.918582086939352,53.704179211471256,0.0,False,20240815_A119HJY
test,20240815_A119HJY/test/20240815_A119HJY__csv__f2__0000013.npz,0.16669337,0,9,0,test/20240815_A119HJY__csv__f2__0000013.npz,test/20240815_A119HJY__csv__f2__0000013.npz,403.8141558487944,219.62213825160788,20240815_A119HJY,420.6958227916882,164.45872009140737,404.8141558487944,220.62213825160788,386.0126813712047,274.9088247211372,0.0,False,20240815_A119HJY
test,20240815_A119HJY/test/20240815_A119HJY__csv__f2__0000014.npz,0.05999397,0,18,0,test/20240815_A119HJY__csv__f2__0000014.npz,test/20240815_A119HJY__csv__f2__0000014.npz,337.16019560494,70.19351783821872,20240815_A119HJY,190.87381110407915,87.81283264532831,338.16019560494,71.19351783821872,478.6864668786216,58.701876411227175,0.0,False,20240815_A119HJY
test,20240815_A119HJY/test/20240815_A119HJY__csv__f2__0000015.npz,0.06441967,0,17,0,test/20240815_A119HJY__csv__f2__0000015.npz,test/20240815_A119HJY__csv__f2__0000015.npz,27.883712062492947,286.5278922848218,20240815_A119HJY,10.142881667209169,397.9728567191317,28.883712062492947,287.5278922848218,50.55227814977508,171.63206294853072,0.0,False,20240815_A119HJY
test,20240815_A119HJY/test/20240815_A119HJY__csv__f2__0000016.npz,0.18575466,0,7,0,test/20240815_A119HJY__csv__f2__0000016.npz,test/20240815_A119HJY__csv__f2__0000016.npz,459.9938340780162,364.8463935381554,20240815_A119HJY,427.9839305606242,291.2306228485731,460.9938340780162,365.8463935381554,490.0456517278515,436.1296386610163,0.0,False,20240815_A119HJY
test,20240815_A119HJY/test/20240815_A119HJY__csv__f2__0000017.npz,0.43031842,0,2,0,test/20240815_A119HJY__csv__f2__0000017.npz,test/20240815_A119HJY__csv__f2__0000017.npz,103.2484764690034,332.23016195241735,20240815_A119HJY,12.374161861803657,437.77492367068106,104.2484764690034,333.23016195241735,189.9190297538687,223.901157087253,0.0,False,20240815_A119HJY
test,20240815_A119HJY/test/20240815_A119HJY__csv__f2__0000018.npz,0.00093599444,0,27,0,test/20240815_A119HJY__csv__f2__0000018.npz,test/20240815_A119HJY__csv__f2__0000018.npz,387.3311787435513,79.72162401166548,20240815_A119HJY,271.7825262215037,168.59917465022016,388.3311787435513,80.72162401166548,504.3771867233333,3.481175155322632,0.0,False,20240815_A119HJY
test,20240815_A119HJY/test/20240815_A119HJY__csv__f2__0000019.npz,0.06943131,0,16,0,test/20240815_A119HJY__csv__f2__0000019.npz,test/20240815_A119HJY__csv__f2__0000019.npz,-0.5018763495770315,506.5102889686984,20240815_A119HJY,7.532145534454372,506.9105111784117,0.4981236504229684,507.5102889686984,0.1679617343530992,507.6198285830437,0.0,False,20240815_A119HJY
test,20240815_A119HJY/test/20240815_A119HJY__csv__f2__0000020.npz,0.03635313,0,21,0,test/20240815_A119HJY__csv__f2__0000020.npz,test/20240815_A119HJY__csv__f2__0000020.npz,6.468350084300539,505.8264433597749,20240815_A119HJY,0.332044840851637,507.7123444199409,7.468350084300539,506.8264433597749,7.506777974920112,506.7907541629114,0.0,False,20240815_A119HJY
test,20240815_A119HJY/test/20240815_A119HJY__csv__f2__0000021.npz,0.040320292,0,20,0,test/20240815_A119HJY__csv__f2__0000021.npz,test/20240815_A119HJY__csv__f2__0000021.npz,421.4697083799616,137.57785148131154,20240815_A119HJY,423.50273870271815,130.70576830728976,422.4697083799616,138.57785148131154,422.5996131581508,138.4740068598411,0.0,False,20240815_A119HJY
test,20240815_A119HJY/test/20240815_A119HJY__csv__f2__0000022.npz,0.014918538,0,26,0,test/20240815_A119HJY__csv__f2__0000022.npz,test/20240815_A119HJY__csv__f2__0000022.npz,27.574524257473428,10.036397518170986,20240815_A119HJY,49.08255177401904,25.87293918729869,28.574524257473428,11.036397518170986,6.9764623064317846,2.5437170192723784,0.0,False,20240815_A119HJY
test,20240815_A119HJY/test/20240815_A119HJY__csv__f2__0000023.npz,0.09496629,0,13,0,test/20240815_A119HJY__csv__f2__0000023.npz,test/20240815_A119HJY__csv__f2__0000023.npz,464.2755716748188,215.81888923035973,20240815_A119HJY,496.5872533625461,155.52732407775056,465.2755716748188,216.81888923035973,434.1218287265943,269.0038362436832,0.0,False,20240815_A119HJY
test,20240815_A119HJY/test/20240815_A119HJY__csv__f2__0000024.npz,0.08899242,0,15,0,test/20240815_A119HJY__csv__f2__0000024.npz,test/20240815_A119HJY__csv__f2__0000024.npz,422.5744477158711,129.5079510890672,20240815_A119HJY,422.42904865225967,138.82998718400162,423.5744477158711,130.5079510890672,423.4912470909485,130.69705139112733,0.0,False,20240815_A119HJY
test,20240815_A119HJY/test/20240815_A119HJY__csv__f2__0000025.npz,0.02291051,0,23,0,test/20240815_A119HJY__csv__f2__0000025.npz,test/20240815_A119HJY__csv__f2__0000025.npz,61.49026757890755,279.02555797305723,20240815_A119HJY,6.359398854990729,342.9430966861716,62.49026757890755,280.02555797305723,109.794530112268,215.39569618276764,0.0,False,20240815_A119HJY
test,20240815_A119HJY/test/20240815_A119HJY__csv__f2__0000026.npz,0.122613534,0,11,0,test/20240815_A119HJY__csv__f2__0000026.npz,test/20240815_A119HJY__csv__f2__0000026.npz,477.6818032329084,57.89696737081212,20240815_A119HJY,491.3305277699006,71.56623681160318,478.6818032329084,58.89696737081212,473.97860470189823,48.03868370099883,0.0,False,20240815_A119HJY
test,20240815_A119HJY/test/20240815_A119HJY__csv__f2__0000027.npz,0.22218663,0,6,0,test/20240815_A119HJY__csv__f2__0000027.npz,test/20240815_A119HJY__csv__f2__0000027.npz,397.5504325151204,408.2924471310138,20240815_A119HJY,366.7324772610305,484.7977804037784,398.5504325151204,409.2924471310138,436.8697051576141,341.2512598999746,0.0,False,20240815_A119HJY
test,20240830_A11agSI/test/20240830_A11agSI__csv__f2__0000000.npz,0.6209614,1,16,0,test/20240830_A11agSI__csv__f2__0000000.npz,test/20240830_A11agSI__csv__f2__0000000.npz,110.388955116452,66.7887299882712,20240830_A11agSI,177.48736839573945,128.65768032181927,111.388955116452,67.7887299882712,44.73250023202044,6.272207302063578,0.0,False,20240830_A11agSI
test,20240830_A11agSI/test/20240830_A11agSI__csv__f2__0000001.npz,0.793553,1,5,0,test/20240830_A11agSI__csv__f2__0000001.npz,test/20240830_A11agSI__csv__f2__0000001.npz,272.1445404438962,272.03742872012367,20240830_A11agSI,281.06144831470874,271.67956397296166,273.1445404438962,273.03742872012367,265.377953038617,274.4304709125211,0.0,True,20240830_A11agSI
test,20240830_A11agSI/test/20240830_A11agSI__csv__f2__0000002.npz,0.71016085,1,12,0,test/20240830_A11agSI__csv__f2__0000002.npz,test/20240830_A11agSI__csv__f2__0000002.npz,419.6587556158854,72.56933419142109,20240830_A11agSI,475.31265700032895,56.33307195334967,420.6587556158854,73.56933419142109,365.7093180483237,91.05978146644102,0.0,False,20240830_A11agSI
test,20240830_A11agSI/test/20240830_A11agSI__csv__f2__0000003.npz,0.2888711,0,29,0,test/20240830_A11agSI__csv__f2__0000003.npz,test/20240830_A11agSI__csv__f2__0000003.npz,201.8922958312901,159.9040285083649,20240830_A11agSI,86.32437086203254,222.3911200468063,202.8922958312901,160.9040285083649,320.618895077388,99.23491339991978,0.0,False,20240830_A11agSI
test,20240830_A11agSI/test/20240830_A11agSI__csv__f2__0000004.npz,0.81892097,1,1,1,test/20240830_A11agSI__csv__f2__0000004.npz,test/20240830_A11agSI__csv__f2__0000004.npz,509.31967032917936,370.5258688447303,20240830_A11agSI,511.23543946442544,371.3498041845708,510.31967032917936,371.5258688447303,509.7801240967548,371.36003449075673,0.0,False,20240830_A11agSI
test,20240830_A11agSI/test/20240830_A11agSI__csv__f2__0000005.npz,0.14486207,0,37,0,test/20240830_A11agSI__csv__f2__0000005.npz,test/20240830_A11agSI__csv__f2__0000005.npz,3.134485861714808,2.948095431292444,20240830_A11agSI,4.114763937507121,4.855253697392101,4.134485861714808,3.948095431292444,3.882437409648986,3.555385859332688,4.440892098500626e-16,False,20240830_A11agSI
test,20240830_A11agSI/test/20240830_A11agSI__csv__f2__0000006.npz,0.08449401,0,41,0,test/20240830_A11agSI__csv__f2__0000006.npz,test/20240830_A11agSI__csv__f2__0000006.npz,73.05462291084163,141.9453771911841,20240830_A11agSI,69.2132353325309,16.168737057515187,74.05462291084163,142.9453771911841,79.12275794951478,272.46406289029096,0.0,False,20240830_A11agSI
test,20240830_A11agSI/test/20240830_A11agSI__csv__f2__0000007.npz,0.12447131,0,40,0,test/20240830_A11agSI__csv__f2__0000007.npz,test/20240830_A11agSI__csv__f2__0000007.npz,430.9444717405921,290.1697012915669,20240830_A11agSI,432.7800483402333,290.68846282993627,431.9444717405921,291.1697012915669,431.8243805156137,291.03278878002794,0.0,False,20240830_A11agSI
test,20240830_A11agSI/test/20240830_A11agSI__csv__f2__0000008.npz,0.12677523,0,39,0,test/20240830_A11agSI__csv__f2__0000008.npz,test/20240830_A11agSI__csv__f2__0000008.npz,218.7132519872705,358.864568858338,20240830_A11agSI,143.12837362374376,325.6670929014043,219.7132519872705,359.864568858338,297.45588817727975,393.5745953706135,0.0,False,20240830_A11agSI
test,20240830_A11agSI/test/20240830_A11agSI__csv__f2__0000009.npz,0.3338102,0,26,0,test/20240830_A11agSI__csv__f2__0000009.npz,test/20240830_A11agSI__csv__f2__0000009.npz,374.51862007826855,144.8065404847406,20240830_A11agSI,484.4301048577457,170.64321995287708,375.51862007826855,145.8065404847406,264.2430696133385,121.38542313016372,0.0,False,20240830_A11agSI
test,20240830_A11agSI/test/20240830_A11agSI__csv__f2__0000010.npz,0.57684296,1,17,0,test/20240830_A11agSI__csv__f2__0000010.npz,test/20240830_A11agSI__csv__f2__0000010.npz,46.20995321726275,359.29890770014,20240830_A11agSI,2.5720864639326635,453.3762237783757,47.20995321726275,360.29890770014,93.11431322599827,264.8175125808047,0.0,False,20240830_A11agSI
test,20240830_A11agSI/test/20240830_A11agSI__csv__f2__0000011.npz,0.37113273,0,24,0,test/20240830_A11agSI__csv__f2__0000011.npz,test/20240830_A11agSI__csv__f2__0000011.npz,1.4122821550517983,296.24240575287246,20240830_A11agSI,1.8001743603132354,296.46930929162335,2.4122821550517983,297.24240575287246,2.135241598912188,297.38115366044724,0.0,False,20240830_A11agSI
test,20240830_A11agSI/test/20240830_A11agSI__csv__f2__0000012.npz,0.81027114,1,2,0,test/20240830_A11agSI__csv__f2__0000012.npz,test/20240830_A11agSI__csv__f2__0000012.npz,85.36776196554149,221.57575605685585,20240830_A11agSI,148.38690510443956,132.69328778386674,86.36776196554149,222.57575605685585,24.37750960259484,311.64800682977886,0.0,False,20240830_A11agSI
test,20240830_A11agSI/test/20240830_A11agSI__csv__f2__0000013.npz,0.7491653,1,8,0,test/20240830_A11agSI__csv__f2__0000013.npz,test/20240830_A11agSI__csv__f2__0000013.npz,98.58883902122211,381.7983180522108,20240830_A11agSI,177.70156069013998,475.79808041667366,99.58883902122211,382.7983180522108,20.30901023968252,290.5542712970448,0.0,False,20240830_A11agSI
test,20240830_A11agSI/test/20240830_A11agSI__csv__f2__0000014.npz,0.1343122,0,38,0,test/20240830_A11agSI__csv__f2__0000014.npz,test/20240830_A11agSI__csv__f2__0000014.npz,238.4957578449524,143.99759342730144,20240830_A11agSI,176.7069292837558,63.14527652776036,239.4957578449524,144.99759342730144,301.28757679224515,227.8411662451568,0.0,False,20240830_A11agSI
test,20240830_A11agSI/test/20240830_A11agSI__csv__f2__0000015.npz,0.053489964,0,42,0,test/20240830_A11agSI__csv__f2__0000015.npz,test/20240830_A11agSI__csv__f2__0000015.npz,217.35460587604808,112.55890169971909,20240830_A11agSI,201.95047758530123,162.15886869168094,218.35460587604808,113.55890169971909,235.4210733274178,62.59075543781782,0.0,False,20240830_A11agSI
test,20240830_A11agSI/test/20240830_A11agSI__csv__f2__0000016.npz,0.19756033,0,33,0,test/20240830_A11agSI__csv__f2__0000016.npz,test/20240830_A11agSI__csv__f2__0000016.npz,82.54108192302067,165.51924256056998,20240830_A11agSI,84.19448237067084,167.12361027680527,83.54108192302067,166.51924256056998,82.0586167741946,166.86770082405525,0.0,False,20240830_A11agSI
test,20240830_A11agSI/test/20240830_A11agSI__csv__f2__0000017.npz,0.70948005,1,13,0,test/20240830_A11agSI__csv__f2__0000017.npz,test/20240830_A11agSI__csv__f2__0000017.npz,113.66156775646968,102.60446169121848,20240830_A11agSI,22.8911198208352,15.420604279727286,114.66156775646968,103.60446169121848,205.9458628526886,194.438653780004,0.0,False,20240830_A11agSI
test,20240830_A11agSI/test/20240830_A11agSI__csv__f2__0000018.npz,0.7973628,1,4,0,test/20240830_A11agSI__csv__f2__0000018.npz,test/20240830_A11agSI__csv__f2__0000018.npz,176.1180583807523,127.40246074784864,20240830_A11agSI,192.40599050747505,208.02981766150083,177.1180583807523,128.40246074784864,161.37576645193334,45.737328353892565,0.0,False,20240830_A11agSI
test,20240830_A11agSI/test/20240830_A11agSI__csv__f2__0000019.npz,0.71775883,1,11,0,test/20240830_A11agSI__csv__f2__0000019.npz,test/20240830_A11agSI__csv__f2__0000019.npz,145.55714688883262,189.2934373041496,20240830_A11agSI,139.52510119490722,105.91928139529485,146.55714688883262,190.2934373041496,152.77702120861704,273.5806210479019,0.0,False,20240830_A11agSI
test,20240830_A11agSI/test/20240830_A11agSI__csv__f2__0000020.npz,0.43317005,0,22,0,test/20240830_A11agSI__csv__f2__0000020.npz,test/20240830_A11agSI__csv__f2__0000020.npz,165.9216789930657,155.96440637213237,20240830_A11agSI,93.57383175628962,265.5631793231148,166.9216789930657,156.96440637213237,240.21694183791104,50.378405407526,0.0,False,20240830_A11agSI
test,20240830_A11agSI/test/20240830_A11agSI__csv__f2__0000021.npz,0.17984886,0,34,0,test/20240830_A11agSI__csv__f2__0000021.npz,test/20240830_A11agSI__csv__f2__0000021.npz,78.8962967081186,427.64868693282006,20240830_A11agSI,68.63341533572256,481.76561448082987,79.8962967081186,428.64868693282006,91.81234800732636,376.9824453043191,0.0,False,20240830_A11agSI
test,20240830_A11agSI/test/20240830_A11agSI__csv__f2__0000022.npz,0.28953245,0,28,0,test/20240830_A11agSI__csv__f2__0000022.npz,test/20240830_A11agSI__csv__f2__0000022.npz,323.6407680682973,105.85500979054012,20240830_A11agSI,374.3357552811536,213.6832534185964,324.6407680682973,106.85500979054012,273.4127109021583,1.5376255292602536,0.0,False,20240830_A11agSI
test,20240830_A11agSI/test/20240830_A11agSI__csv__f2__0000023.npz,0.040082794,0,45,0,test/20240830_A11agSI__csv__f2__0000023.npz,test/20240830_A11agSI__csv__f2__0000023.npz,30.12595602126089,1.3531547059538411,20240830_A11agSI,27.813721036347403,4.83190601210697,31.12595602126089,2.353154705953841,34.18546680581798,1.6613343585669895,0.0,False,20240830_A11agSI
test,20240830_A11agSI/test/20240830_A11agSI__csv__f2__0000024.npz,0.04452939,0,44,0,test/20240830_A11agSI__csv__f2__0000024.npz,test/20240830_A11agSI__csv__f2__0000024.npz,47.47413807196892,193.55666818241144,20240830_A11agSI,9.545973196753836,88.16113324758604,48.47413807196892,194.55666818241144,90.52549989285046,303.1647744826192,0.0,False,20240830_A11agSI
test,20240830_A11agSI/test/20240830_A11agSI__csv__f2__0000025.npz,0.34859988,0,25,0,test/20240830_A11agSI__csv__f2__0000025.npz,test/20240830_A11agSI__csv__f2__0000025.npz,202.6597824212569,145.0927991643345,20240830_A11agSI,237.02909373797604,93.40881518568136,203.6597824212569,146.0927991643345,171.0420706753215,196.4340304190068,0.0,False,20240830_A11agSI
test,20240830_A11agSI/test/20240830_A11agSI__csv__f2__0000026.npz,0.7004643,1,14,0,test/20240830_A11agSI__csv__f2__0000026.npz,test/20240830_A11agSI__csv__f2__0000026.npz,411.9508224746212,412.8838877120535,20240830_A11agSI,465.7604740071972,458.1720117363097,412.9508224746212,413.8838877120535,358.1882487876453,366.57605374117503,0.0,False,20240830_A11agSI
test,20240830_A11agSI/test/20240830_A11agSI__csv__f2__0000027.npz,0.045110237,0,43,0,test/20240830_A11agSI__csv__f2__0000027.npz,test/20240830_A11agSI__csv__f2__0000027.npz,55.00283013768925,123.31512606865044,20240830_A11agSI,55.25158179037112,123.52283092261536,56.00283013768925,124.31512606865044,55.43052532287982,122.8309954684378,0.0,False,20240830_A11agSI
test,20240830_A11agSI/test/20240830_A11agSI__csv__f2__0000028.npz,0.7473195,1,9,0,test/20240830_A11agSI__csv__f2__0000028.npz,test/20240830_A11agSI__csv__f2__0000028.npz,89.06275241754136,301.94339676604164,20240830_A11agSI,54.92048998946845,160.89632202475752,90.06275241754136,302.94339676604164,121.31137695837364,447.0207194162314,0.0,False,20240830_A11agSI
test,20240830_A11agSI/test/20240830_A11agSI__csv__f2__0000029.npz,0.20774522,0,32,0,test/20240830_A11agSI__csv__f2__0000029.npz,test/20240830_A11agSI__csv__f2__0000029.npz,181.46065533637383,286.0490068337611,20240830_A11agSI,179.14223277508307,413.0708601184825,182.46065533637383,287.0490068337611,188.0039806794368,164.44327218645907,0.0,False,20240830_A11agSI
test,20240830_A11agSI/test/20240830_A11agSI__csv__f2__0000030.npz,0.5249256,1,19,0,test/20240830_A11agSI__csv__f2__0000030.npz,test/20240830_A11agSI__csv__f2__0000030.npz,23.50079261991721,309.85454991719814,20240830_A11agSI,49.573538726118414,180.00517397159803,24.50079261991721,310.85454991719814,3.8245835277467393,440.9752238436568,0.0,False,20240830_A11agSI
test,20240830_A11agSI/test/20240830_A11agSI__csv__f2__0000031.npz,0.5418056,1,18,0,test/20240830_A11agSI__csv__f2__0000031.npz,test/20240830_A11agSI__csv__f2__0000031.npz,308.1716132355915,48.90294092216794,20240830_A11agSI,185.28540252839008,89.4609548614485,309.1716132355915,49.90294092216794,430.84859784753183,6.36826725066058,0.0,False,20240830_A11agSI
test,20240830_A11agSI/test/20240830_A11agSI__csv__f2__0000032.npz,0.7976792,1,3,0,test/20240830_A11agSI__csv__f2__0000032.npz,test/20240830_A11agSI__csv__f2__0000032.npz,86.0568955088907,385.409581121982,20240830_A11agSI,174.67863906644214,304.7983578793208,87.0568955088907,386.409581121982,2.0596400729368725,471.82235831803234,0.0,False,20240830_A11agSI
test,20240830_A11agSI/test/20240830_A11agSI__csv__f2__0000033.npz,0.23923397,0,31,0,test/20240830_A11agSI__csv__f2__0000033.npz,test/20240830_A11agSI__csv__f2__0000033.npz,373.1519600673839,212.9323335584816,20240830_A11agSI,394.717403523414,69.14496934855529,374.1519600673839,213.9323335584816,350.810407940752,367.4713956723153,0.0,False,20240830_A11agSI
test,20240830_A11agSI/test/20240830_A11agSI__csv__f2__0000034.npz,0.7851272,1,7,0,test/20240830_A11agSI__csv__f2__0000034.npz,test/20240830_A11agSI__csv__f2__0000034.npz,78.10885017636161,271.43123454917543,20240830_A11agSI,87.190288607892,386.42313901049874,79.10885017636161,272.43123454917543,68.31759571826746,151.56681510227344,0.0,False,20240830_A11agSI
test,20240830_A11agSI/test/20240830_A11agSI__csv__f2__0000035.npz,0.1690661,0,35,0,test/20240830_A11agSI__csv__f2__0000035.npz,test/20240830_A11agSI__csv__f2__0000035.npz,180.78590675276388,504.9862945818651,20240830_A11agSI,177.88378814466378,508.3072043318697,181.78590675276388,505.9862945818651,182.3668267788586,506.3372636863196,0.0,False,20240830_A11agSI
test,20240830_A11agSI/test/20240830_A11agSI__csv__f2__0000036.npz,0.2741943,0,30,0,test/20240830_A11agSI__csv__f2__0000036.npz,test/20240830_A11agSI__csv__f2__0000036.npz,178.4125977057052,473.787861664195,20240830_A11agSI,121.20170585035864,446.7723056634452,179.4125977057052,474.787861664195,242.8675768589829,506.4540193727722,0.0,False,20240830_A11agSI
test,20240830_A11agSI/test/20240830_A11agSI__csv__f2__0000037.npz,0.16522795,0,36,0,test/20240830_A11agSI__csv__f2__0000037.npz,test/20240830_A11agSI__csv__f2__0000037.npz,291.18086935382576,102.38986000309922,20240830_A11agSI,390.7658659477529,84.22010525101359,292.18086935382576,103.38986000309922,186.01153445153068,120.9593480226726,0.0,False,20240830_A11agSI
test,20240830_A11agSI/test/20240830_A11agSI__csv__f2__0000038.npz,0.37242573,0,23,0,test/20240830_A11agSI__csv__f2__0000038.npz,test/20240830_A11agSI__csv__f2__0000038.npz,356.5928681771115,366.26199553320754,20240830_A11agSI,412.9721819807159,413.8838331579251,357.5928681771115,367.26199553320754,302.43828159709125,314.74898598984817,0.0,False,20240830_A11agSI
test,20240830_A11agSI/test/20240830_A11agSI__csv__f2__0000039.npz,0.79343957,1,6,0,test/20240830_A11agSI__csv__f2__0000039.npz,test/20240830_A11agSI__csv__f2__0000039.npz,483.3099082699073,169.56629738909947,20240830_A11agSI,511.08608740095735,34.1300330477315,484.3099082699073,170.56629738909947,464.0460257092284,301.5307122158579,0.0,False,20240830_A11agSI
test,20240830_A11agSI/test/20240830_A11agSI__csv__f2__0000040.npz,0.29950255,0,27,0,test/20240830_A11agSI__csv__f2__0000040.npz,test/20240830_A11agSI__csv__f2__0000040.npz,462.9461267484247,300.3547282484243,20240830_A11agSI,471.73120629057735,187.74633153323947,463.9461267484247,301.3547282484243,456.1528345501145,426.5601444419314,0.0,False,20240830_A11agSI
test,20240830_A11agSI/test/20240830_A11agSI__csv__f2__0000041.npz,0.4624731,1,21,0,test/20240830_A11agSI__csv__f2__0000041.npz,test/20240830_A11agSI__csv__f2__0000041.npz,178.22312316492958,43.58869765897407,20240830_A11agSI,170.6954333401274,16.11924814154196,179.22312316492958,44.58869765897407,187.2223572790371,65.92823935023222,0.0,False,20240830_A11agSI
test,20240830_A11agSI/test/20240830_A11agSI__csv__f2__0000042.npz,0.7461028,1,10,0,test/20240830_A11agSI__csv__f2__0000042.npz,test/20240830_A11agSI__csv__f2__0000042.npz,169.63216746671412,15.46597826818774,20240830_A11agSI,46.57967192523248,3.3838808835224654,170.63216746671412,16.46597826818774,287.3443094510864,34.51771399931994,0.0,False,20240830_A11agSI
test,20240830_A11agSI/test/20240830_A11agSI__csv__f2__0000043.npz,0.024095101,0,46,0,test/20240830_A11agSI__csv__f2__0000043.npz,test/20240830_A11agSI__csv__f2__0000043.npz,73.11514977682808,166.82067613443525,20240830_A11agSI,38.05392704338061,127.79749577560835,74.11514977682808,167.82067613443525,112.89283904842776,202.2802572754649,0.0,False,20240830_A11agSI
test,20240830_A11agSI/test/20240830_A11agSI__csv__f2__0000044.npz,0.680491,1,15,0,test/20240830_A11agSI__csv__f2__0000044.npz,test/20240830_A11agSI__csv__f2__0000044.npz,191.751297242584,207.11625127797544,20240830_A11agSI,53.54747474358388,262.26992072100046,192.751297242584,208.11625127797544,319.87390649535325,162.0653528951343,0.0,False,20240830_A11agSI
test,20240830_A11agSI/test/20240830_A11agSI__csv__f2__0000045.npz,0.5095679,1,20,0,test/20240830_A11agSI__csv__f2__0000045.npz,test/20240830_A11agSI__csv__f2__0000045.npz,453.7295996980813,26.761121738670624,20240830_A11agSI,430.3756514176662,6.361584809852303,454.7295996980813,27.761121738670624,475.71431508247946,56.24861140380628,0.0,False,20240830_A11agSI
test,20241009_C43LTU1/test/20241009_C43LTU1__csv__f2__0000000.npz,0.24125989,0,3,0,test/20241009_C43LTU1__csv__f2__0000000.npz,test/20241009_C43LTU1__csv__f2__0000000.npz,196.5404771948688,333.6694270962664,20241009_C43LTU1,198.77029863681696,334.2991054198807,197.5404771948688,334.6694270962664,196.575447568303,335.285992330154,0.0,False,20241009_C43LTU1
test,20241009_C43LTU1/test/20241009_C43LTU1__csv__f2__0000001.npz,0.00016236442,0,23,0,test/20241009_C43LTU1__csv__f2__0000001.npz,test/20241009_C43LTU1__csv__f2__0000001.npz,3.010003301853544,2.4548471466681008,20241009_C43LTU1,2.8209349117814213,3.3095051186351725,4.010003301853544,3.4548471466681008,4.71625819858798,3.826391879725009,0.0,False,20241009_C43LTU1
test,20241009_C43LTU1/test/20241009_C43LTU1__csv__f2__0000002.npz,0.85432184,1,1,1,test/20241009_C43LTU1__csv__f2__0000002.npz,test/20241009_C43LTU1__csv__f2__0000002.npz,428.92725262784575,204.1125545603059,20241009_C43LTU1,471.4475048525848,249.48512188399465,429.92725262784575,205.1125545603059,388.7062134972799,161.0835213337828,0.0,True,20241009_C43LTU1
test,20241009_C43LTU1/test/20241009_C43LTU1__csv__f2__0000003.npz,0.022845106,0,18,0,test/20241009_C43LTU1__csv__f2__0000003.npz,test/20241009_C43LTU1__csv__f2__0000003.npz,8.225224344555244,32.41911458697439,20241009_C43LTU1,8.655282440343484,50.51418030036439,9.225224344555244,33.41911458697439,9.853657589032736,15.049572568845946,0.0,False,20241009_C43LTU1
test,20241009_C43LTU1/test/20241009_C43LTU1__csv__f2__0000004.npz,0.22701377,0,4,0,test/20241009_C43LTU1__csv__f2__0000004.npz,test/20241009_C43LTU1__csv__f2__0000004.npz,269.61911114027345,288.81380918396434,20241009_C43LTU1,268.7410837129718,288.7716040541701,270.61911114027345,289.81380918396434,271.78827380157327,290.2581865908508,0.0,False,20241009_C43LTU1
test,20241009_C43LTU1/test/20241009_C43LTU1__csv__f2__0000005.npz,0.08617562,0,12,0,test/20241009_C43LTU1__csv__f2__0000005.npz,test/20241009_C43LTU1__csv__f2__0000005.npz,165.01452737423713,56.81196229571671,20241009_C43LTU1,166.71786704214784,58.31661777813275,166.01452737423713,57.81196229571671,165.4347609314126,58.60448020167024,0.0,False,20241009_C43LTU1
test,20241009_C43LTU1/test/20241009_C43LTU1__csv__f2__0000006.npz,0.027475387,0,17,0,test/20241009_C43LTU1__csv__f2__0000006.npz,test/20241009_C43LTU1__csv__f2__0000006.npz,2.73852783232266,29.403576308759227,20241009_C43LTU1,1.1199322188917051,36.87037771724098,3.73852783232266,30.403576308759227,5.91817242280959,25.443656577350083,0.0,False,20241009_C43LTU1
test,20241009_C43LTU1/test/20241009_C43LTU1__csv__f2__0000007.npz,0.64082456,1,2,0,test/20241009_C43LTU1__csv__f2__0000007.npz,test/20241009_C43LTU1__csv__f2__0000007.npz,187.84467685796056,428.3238248656119,20241009_C43LTU1,186.31091748386467,428.5237489581738,188.84467685796056,429.3238248656119,189.70775512529053,429.7143613567243,0.0,False,20241009_C43LTU1
test,20241009_C43LTU1/test/20241009_C43LTU1__csv__f2__0000008.npz,0.00029651672,0,22,0,test/20241009_C43LTU1__csv__f2__0000008.npz,test/20241009_C43LTU1__csv__f2__0000008.npz,14.499782602300511,12.301863607342398,20241009_C43LTU1,2.482752146095862,27.10993692278899,15.499782602300511,13.301863607342398,29.252259687833657,0.6583839287734179,0.0,False,20241009_C43LTU1
test,20241009_C43LTU1/test/20241009_C43LTU1__csv__f2__0000009.npz,0.16736251,0,6,0,test/20241009_C43LTU1__csv__f2__0000009.npz,test/20241009_C43LTU1__csv__f2__0000009.npz,253.181618392946,72.94538641724841,20241009_C43LTU1,253.76718208072467,75.49599729103204,254.181618392946,73.94538641724841,253.8282277201025,75.41508522738891,0.0,False,20241009_C43LTU1
test,20241009_C43LTU1/test/20241009_C43LTU1__csv__f2__0000010.npz,0.07984399,0,13,0,test/20241009_C43LTU1__csv__f2__0000010.npz,test/20241009_C43LTU1__csv__f2__0000010.npz,335.2027993804249,100.60953498908344,20241009_C43LTU1,389.2910853418379,23.277593598877587,336.2027993804249,101.60953498908344,286.119705319794,180.16896168203468,0.0,False,20241009_C43LTU1
test,20241009_C43LTU1/test/20241009_C43LTU1__csv__f2__0000011.npz,0.16642423,0,7,0,test/20241009_C43LTU1__csv__f2__0000011.npz,test/20241009_C43LTU1__csv__f2__0000011.npz,342.4221635978443,364.7779982359826,20241009_C43LTU1,333.9407748135509,287.51135228614083,343.4221635978443,365.7779982359826,351.82841849135303,440.5318555245794,0.0,False,20241009_C43LTU1
test,20241009_C43LTU1/test/20241009_C43LTU1__csv__f2__0000012.npz,0.038975976,0,15,0,test/20241009_C43LTU1__csv__f2__0000012.npz,test/20241009_C43LTU1__csv__f2__0000012.npz,287.5437064326805,389.2232885155613,20241009_C43LTU1,315.2048227382497,428.3933807829238,288.5437064326805,390.2232885155613,265.07910327283224,354.17421675158147,0.0,False,20241009_C43LTU1
test,20241009_C43LTU1/test/20241009_C43LTU1__csv__f2__0000013.npz,0.059661098,0,14,0,test/20241009_C43LTU1__csv__f2__0000013.npz,test/20241009_C43LTU1__csv__f2__0000013.npz,425.3605024889259,264.46926287680714,20241009_C43LTU1,428.342734308215,265.761097521089,426.3605024889259,265.46926287680714,428.4931432061467,265.93432025028574,0.0,False,20241009_C43LTU1
test,20241009_C43LTU1/test/20241009_C43LTU1__csv__f2__0000014.npz,0.1647745,0,8,0,test/20241009_C43LTU1__csv__f2__0000014.npz,test/20241009_C43LTU1__csv__f2__0000014.npz,502.8449594079835,181.37513793232583,20241009_C43LTU1,502.9274489499613,322.5731752058256,503.8449594079835,182.37513793232583,509.4389785128333,48.79686757064934,0.0,False,20241009_C43LTU1
test,20241009_C43LTU1/test/20241009_C43LTU1__csv__f2__0000015.npz,0.0015258016,0,21,0,test/20241009_C43LTU1__csv__f2__0000015.npz,test/20241009_C43LTU1__csv__f2__0000015.npz,15.838070553453406,19.442321801357508,20241009_C43LTU1,30.595378097758896,6.374460681614181,16.838070553453406,20.442321801357508,2.91524960042193,39.33112083568304,0.0,False,20241009_C43LTU1
test,20241009_C43LTU1/test/20241009_C43LTU1__csv__f2__0000016.npz,0.036402065,0,16,0,test/20241009_C43LTU1__csv__f2__0000016.npz,test/20241009_C43LTU1__csv__f2__0000016.npz,112.73894819833092,187.27256181618864,20241009_C43LTU1,212.43553746054005,134.01524628009173,113.73894819833092,188.27256181618864,8.3117556739507,248.3473921915914,0.0,False,20241009_C43LTU1
test,20241009_C43LTU1/test/20241009_C43LTU1__csv__f2__0000017.npz,0.15235174,0,9,0,test/20241009_C43LTU1__csv__f2__0000017.npz,test/20241009_C43LTU1__csv__f2__0000017.npz,62.98906764120807,252.68291461021155,20241009_C43LTU1,64.37561595447511,250.74697501579777,63.98906764120807,253.68291461021155,63.78249942552256,250.8181172957402,0.0,False,20241009_C43LTU1
test,20241009_C43LTU1/test/20241009_C43LTU1__csv__f2__0000018.npz,0.016607594,0,19,0,test/20241009_C43LTU1__csv__f2__0000018.npz,test/20241009_C43LTU1__csv__f2__0000018.npz,56.03942862899038,11.31698035991252,20241009_C43LTU1,17.2677597589136,18.50236785852493,57.03942862899038,12.31698035991252,98.6133711236576,0.6333189887854473,0.0,False,20241009_C43LTU1
test,20241009_C43LTU1/test/20241009_C43LTU1__csv__f2__0000019.npz,0.14908144,0,10,0,test/20241009_C43LTU1__csv__f2__0000019.npz,test/20241009_C43LTU1__csv__f2__0000019.npz,107.35389668952354,194.5974024820489,20241009_C43LTU1,8.396050348333858,248.40544361550783,108.35389668952354,195.5974024820489,211.66016365095027,133.88385332384968,0.0,False,20241009_C43LTU1
test,20241009_C43LTU1/test/20241009_C43LTU1__csv__f2__0000020.npz,0.001750437,0,20,0,test/20241009_C43LTU1__csv__f2__0000020.npz,test/20241009_C43LTU1__csv__f2__0000020.npz,400.7174034148359,472.6934262854048,20241009_C43LTU1,487.7383735879672,439.5384836977013,401.7174034148359,473.6934262854048,305.4168837177345,510.5350148272452,0.0,False,20241009_C43LTU1
test,20241009_C43LTU1/test/20241009_C43LTU1__csv__f2__0000021.npz,0.20479453,0,5,0,test/20241009_C43LTU1__csv__f2__0000021.npz,test/20241009_C43LTU1__csv__f2__0000021.npz,460.03398189699374,151.7967483831559,20241009_C43LTU1,500.5651980336165,297.3871071429346,461.03398189699374,152.7967483831559,410.38505235071017,15.402358558728023,0.0,False,20241009_C43LTU1
test,20241009_C43LTU1/test/20241009_C43LTU1__csv__f2__0000022.npz,0.12541911,0,11,0,test/20241009_C43LTU1__csv__f2__0000022.npz,test/20241009_C43LTU1__csv__f2__0000022.npz,291.77629743859586,130.56268010771475,20241009_C43LTU1,440.5994316331146,116.39657348160104,292.77629743859586,131.56268010771475,130.70940596024093,136.83998628006094,0.0,False,20241009_C43LTU1
test,20241009_CC1LK42/test/20241009_CC1LK42__csv__f2__0000000.npz,0.16612072,0,21,0,test/20241009_CC1LK42__csv__f2__0000000.npz,test/20241009_CC1LK42__csv__f2__0000000.npz,218.7115606537958,280.8249323077952,20241009_CC1LK42,211.7608895125315,247.2947700427176,219.7115606537958,281.8249323077952,228.0617648461471,316.9647265058426,0.0,True,20241009_CC1LK42
test,20241009_CC1LK42/test/20241009_CC1LK42__csv__f2__0000001.npz,0.43285403,0,15,0,test/20241009_CC1LK42__csv__f2__0000001.npz,test/20241009_CC1LK42__csv__f2__0000001.npz,116.55408906102596,411.5770181592713,20241009_CC1LK42,171.01360274911497,468.1310536833404,117.55408906102596,412.5770181592713,66.09345408886719,358.513907000735,0.0,False,20241009_CC1LK42
test,20241009_CC1LK42/test/20241009_CC1LK42__csv__f2__0000002.npz,0.6777481,1,8,0,test/20241009_CC1LK42__csv__f2__0000002.npz,test/20241009_CC1LK42__csv__f2__0000002.npz,59.82935062654141,383.0769577560035,20241009_CC1LK42,62.02781361677168,452.8339103963515,60.82935062654141,384.0769577560035,60.93699803558286,315.4430159156124,0.0,False,20241009_CC1LK42
test,20241009_CC1LK42/test/20241009_CC1LK42__csv__f2__0000003.npz,0.54529417,1,11,0,test/20241009_CC1LK42__csv__f2__0000003.npz,test/20241009_CC1LK42__csv__f2__0000003.npz,386.8471836497564,250.89253873800007,20241009_CC1LK42,388.4410533029221,250.3462356569902,387.8471836497564,251.89253873800007,387.8012038430591,251.8742513962337,0.0,False,20241009_CC1LK42
test,20241009_CC1LK42/test/20241009_CC1LK42__csv__f2__0000004.npz,0.7994604,1,2,0,test/20241009_CC1LK42__csv__f2__0000004.npz,test/20241009_CC1LK42__csv__f2__0000004.npz,397.6970780292872,364.9238042546651,20241009_CC1LK42,398.44191188783634,365.12326351340766,398.6970780292872,365.9238042546651,398.60696969498713,365.05437219779606,0.0,False,20241009_CC1LK42
test,20241009_CC1LK42/test/20241009_CC1LK42__csv__f2__0000005.npz,0.29825556,0,17,0,test/20241009_CC1LK42__csv__f2__0000005.npz,test/20241009_CC1LK42__csv__f2__0000005.npz,158.71149114392915,262.413410529194,20241009_CC1LK42,160.33857850899722,264.0885539489569,159.71149114392915,263.413410529194,160.30168019815335,264.1544828678884,0.0,False,20241009_CC1LK42
test,20241009_CC1LK42/test/20241009_CC1LK42__csv__f2__0000006.npz,0.17665026,0,19,0,test/20241009_CC1LK42__csv__f2__0000006.npz,test/20241009_CC1LK42__csv__f2__0000006.npz,245.9897591276136,69.68856470829215,20241009_CC1LK42,247.74679643249817,72.07643945618491,246.9897591276136,70.68856470829215,247.6510794081617,70.63489963331432,0.0,False,20241009_CC1LK42
test,20241009_CC1LK42/test/20241009_CC1LK42__csv__f2__0000007.npz,0.725216,1,7,0,test/20241009_CC1LK42__csv__f2__0000007.npz,test/20241009_CC1LK42__csv__f2__0000007.npz,503.834892924282,325.5837294919117,20241009_CC1LK42,504.6909574390965,325.57082213202307,504.834892924282,326.5837294919117,504.44574729117113,325.57166953443345,0.0,False,20241009_CC1LK42
test,20241009_CC1LK42/test/20241009_CC1LK42__csv__f2__0000008.npz,0.17537273,0,20,0,test/20241009_CC1LK42__csv__f2__0000008.npz,test/20241009_CC1LK42__csv__f2__0000008.npz,60.3012277054346,298.8093780525772,20241009_CC1LK42,61.97834593239773,308.96271516160687,61.3012277054346,299.8093780525772,60.698953518048825,288.30218001956763,0.0,False,20241009_CC1LK42
test,20241009_CC1LK42/test/20241009_CC1LK42__csv__f2__0000009.npz,0.094058424,0,27,0,test/20241009_CC1LK42__csv__f2__0000009.npz,test/20241009_CC1LK42__csv__f2__0000009.npz,4.406121047030524,16.77142159836663,20241009_CC1LK42,5.74441169156907,27.81245484670916,5.406121047030524,17.77142159836663,4.381829123928355,5.816869532231777,0.0,False,20241009_CC1LK42
test,20241009_CC1LK42/test/20241009_CC1LK42__csv__f2__0000010.npz,0.7831137,1,4,0,test/20241009_CC1LK42__csv__f2__0000010.npz,test/20241009_CC1LK42__csv__f2__0000010.npz,307.21838853279047,51.27146230207149,20241009_CC1LK42,307.79988805884966,53.380457611741605,308.21838853279047,52.27146230207149,307.4830060403594,53.0648353747348,0.0,False,20241009_CC1LK42
test,20241009_CC1LK42/test/20241009_CC1LK42__csv__f2__0000011.npz,0.7983016,1,3,0,test/20241009_CC1LK42__csv__f2__0000011.npz,test/20241009_CC1LK42__csv__f2__0000011.npz,161.13534999272696,129.07736473305954,20241009_CC1LK42,162.91614933665318,131.0712286649158,162.13534999272696,130.07736473305954,162.54414579909027,131.0970163759001,0.0,False,20241009_CC1LK42
test,20241009_CC1LK42/test/20241009_CC1LK42__csv__f2__0000012.npz,0.7522105,1,6,0,test/20241009_CC1LK42__csv__f2__0000012.npz,test/20241009_CC1LK42__csv__f2__0000012.npz,60.448367798162224,344.4256385482301,20241009_CC1LK42,61.760236447451945,346.6891221991765,61.448367798162224,345.4256385482301,61.68793928921454,346.6860633168726,0.0,False,20241009_CC1LK42
test,20241009_CC1LK42/test/20241009_CC1LK42__csv__f2__0000013.npz,0.484168,1,13,0,test/20241009_CC1LK42__csv__f2__0000013.npz,test/20241009_CC1LK42__csv__f2__0000013.npz,503.7016297623759,7.009155326747589,20241009_CC1LK42,507.42061155862615,7.691853097250544,504.7016297623759,8.009155326747589,501.7013702148082,6.053707697238707,0.0,False,20241009_CC1LK42
test,20241009_CC1LK42/test/20241009_CC1LK42__csv__f2__0000014.npz,0.10991857,0,25,0,test/20241009_CC1LK42__csv__f2__0000014.npz,test/20241009_CC1LK42__csv__f2__0000014.npz,410.80134023307534,23.18449645438497,20241009_CC1LK42,423.9973191269125,14.433129574898343,411.80134023307534,24.18449645438497,402.0056549363164,34.34621645781698,0.0,False,20241009_CC1LK42
test,20241009_CC1LK42/test/20241009_CC1LK42__csv__f2__0000015.npz,0.612625,1,9,0,test/20241009_CC1LK42__csv__f2__0000015.npz,test/20241009_CC1LK42__csv__f2__0000015.npz,265.31573818070166,46.90783498436841,20241009_CC1LK42,266.1359282517531,49.45194674266429,266.31573818070166,47.90783498436841,266.41635430087166,49.692683548735374,0.0,False,20241009_CC1LK42
test,20241009_CC1LK42/test/20241009_CC1LK42__csv__f2__0000016.npz,0.51887834,1,12,0,test/20241009_CC1LK42__csv__f2__0000016.npz,test/20241009_CC1LK42__csv__f2__0000016.npz,202.7691252523369,-0.5638581352717438,20241009_CC1LK42,204.47152174032564,1.942118161574939,203.7691252523369,0.4361418647282562,203.49286683892305,2.045560419095267,0.0,False,20241009_CC1LK42
test,20241009_CC1LK42/test/20241009_CC1LK42__csv__f2__0000017.npz,0.1305887,0,23,0,test/20241009_CC1LK42__csv__f2__0000017.npz,test/20241009_CC1LK42__csv__f2__0000017.npz,0.8873485433066439,29.96691433549293,20241009_CC1LK42,2.9824160404854467,20.656177081014988,1.887348543306644,30.96691433549293,2.749169812831127,42.691184226425264,0.0,False,20241009_CC1LK42
test,20241009_CC1LK42/test/20241009_CC1LK42__csv__f2__0000018.npz,0.7784129,1,5,0,test/20241009_CC1LK42__csv__f2__0000018.npz,test/20241009_CC1LK42__csv__f2__0000018.npz,55.48945108297164,12.463468238756718,20241009_CC1LK42,56.69240384370741,15.28820354454018,56.48945108297164,13.463468238756718,56.85357706700773,15.29146433633744,0.0,False,20241009_CC1LK42
test,20241009_CC1LK42/test/20241009_CC1LK42__csv__f2__0000019.npz,0.09851063,0,26,0,test/20241009_CC1LK42__csv__f2__0000019.npz,test/20241009_CC1LK42__csv__f2__0000019.npz,13.408922439178468,8.793948368591288,20241009_CC1LK42,3.804781703141259,3.601141342024704,14.408922439178468,9.793948368591288,25.27786089576614,13.26051964114501,0.0,False,20241009_CC1LK42
test,20241009_CC1LK42/test/20241009_CC1LK42__csv__f2__0000020.npz,0.554582,1,10,0,test/20241009_CC1LK42__csv__f2__0000020.npz,test/20241009_CC1LK42__csv__f2__0000020.npz,258.81268020907027,1.0627415089628869,20241009_CC1LK42,260.49678202747907,3.505689938401531,259.81268020907027,2.062741508962887,260.7705909782597,4.598518226854992,0.0,False,20241009_CC1LK42
test,20241009_CC1LK42/test/20241009_CC1LK42__csv__f2__0000021.npz,0.80398166,1,1,1,test/20241009_CC1LK42__csv__f2__0000021.npz,test/20241009_CC1LK42__csv__f2__0000021.npz,62.80097844294079,16.801681467791184,20241009_CC1LK42,63.47162747128297,19.984052713833705,63.80097844294079,17.801681467791184,63.43270198102928,20.078241950318017,0.0,False,20241009_CC1LK42
test,20241009_CC1LK42/test/20241009_CC1LK42__csv__f2__0000022.npz,0.42604852,0,16,0,test/20241009_CC1LK42__csv__f2__0000022.npz,test/20241009_CC1LK42__csv__f2__0000022.npz,210.8295439191461,477.5334721097695,20241009_CC1LK42,353.58175524655616,457.4589405443408,211.8295439191461,478.5334721097695,60.83683692203107,500.9997186301874,0.0,False,20241009_CC1LK42
test,20241009_CC1LK42/test/20241009_CC1LK42__csv__f2__0000023.npz,0.12685172,0,24,0,test/20241009_CC1LK42__csv__f2__0000023.npz,test/20241009_CC1LK42__csv__f2__0000023.npz,59.72192885843262,484.7238259161603,20241009_CC1LK42,61.34995346798064,483.60241289255634,60.72192885843262,485.7238259161603,60.40303881181461,482.1898213839894,0.0,False,20241009_CC1LK42
test,20241009_CC1LK42/test/20241009_CC1LK42__csv__f2__0000024.npz,0.47007412,1,14,0,test/20241009_CC1LK42__csv__f2__0000024.npz,test/20241009_CC1LK42__csv__f2__0000024.npz,508.6022054900201,11.420258667977292,20241009_CC1LK42,507.5912442641173,19.537476380426146,509.6022054900201,12.420258667977292,508.859521202616,2.3978870411675643,0.0,False,20241009_CC1LK42
test,20241009_CC1LK42/test/20241009_CC1LK42__csv__f2__0000025.npz,0.2749803,0,18,0,test/20241009_CC1LK42__csv__f2__0000025.npz,test/20241009_CC1LK42__csv__f2__0000025.npz,359.08477084707687,136.78558099338173,20241009_CC1LK42,284.935694330072,258.3960070648042,360.08477084707687,137.78558099338173,424.55510795055136,14.546782102723055,0.0,False,20241009_CC1LK42
test,20241009_CC1LK42/test/20241009_CC1LK42__csv__f2__0000026.npz,0.15017337,0,22,0,test/20241009_CC1LK42__csv__f2__0000026.npz,test/20241009_CC1LK42__csv__f2__0000026.npz,260.5983755508685,266.64088051322364,20241009_CC1LK42,253.35255653133373,267.91287222776543,261.5983755508685,267.64088051322364,261.2883036823542,267.84096704379573,0.0,False,20241009_CC1LK42
test,20250824_C44YAT1/test/20250824_C44YAT1__csv__f2__0000000.npz,0.56660265,1,9,0,test/20250824_C44YAT1__csv__f2__0000000.npz,test/20250824_C44YAT1__csv__f2__0000000.npz,3.009886140871032,1.354575394482424,20250824_C44YAT1,8.079960521545445,2.1848052193019782,4.009886140871032,2.354575394482424,1.225639964029483,2.9533236303559534,2.220446049250313e-16,False,20250824_C44YAT1
test,20250824_C44YAT1/test/20250824_C44YAT1__csv__f2__0000001.npz,0.70483667,1,6,0,test/20250824_C44YAT1__csv__f2__0000001.npz,test/20250824_C44YAT1__csv__f2__0000001.npz,45.76487469270711,460.6599442944684,20250824_C44YAT1,47.32001710617337,462.4958934469884,46.76487469270711,461.6599442944684,46.467687343668416,462.3906913626967,0.0,False,20250824_C44YAT1
test,20250824_C44YAT1/test/20250824_C44YAT1__csv__f2__0000002.npz,0.17650709,0,18,0,test/20250824_C44YAT1__csv__f2__0000002.npz,test/20250824_C44YAT1__csv__f2__0000002.npz,31.94954832062257,33.95467188954106,20250824_C44YAT1,32.596198821213136,34.20874463591758,32.94954832062257,34.95467188954106,31.93326994837392,34.74088963704597,0.0,False,20250824_C44YAT1
test,20250824_C44YAT1/test/20250824_C44YAT1__csv__f2__0000003.npz,0.6097014,1,8,0,test/20250824_C44YAT1__csv__f2__0000003.npz,test/20250824_C44YAT1__csv__f2__0000003.npz,261.0195394808823,260.7586605205303,20250824_C44YAT1,260.969084241766,262.0772762480362,262.0195394808823,261.7586605205303,261.12895625012226,262.2007907322926,0.0,False,20250824_C44YAT1
test,20250824_C44YAT1/test/20250824_C44YAT1__csv__f2__0000004.npz,0.4129107,0,12,0,test/20250824_C44YAT1__csv__f2__0000004.npz,test/20250824_C44YAT1__csv__f2__0000004.npz,202.8141005758275,284.3697306690762,20250824_C44YAT1,137.53778935949794,286.2397763818412,203.8141005758275,285.3697306690762,267.24552605561706,284.5370478562617,0.0,True,20250824_C44YAT1
test,20250824_C44YAT1/test/20250824_C44YAT1__csv__f2__0000005.npz,0.4496231,0,11,0,test/20250824_C44YAT1__csv__f2__0000005.npz,test/20250824_C44YAT1__csv__f2__0000005.npz,339.67675700938975,427.80371830989486,20250824_C44YAT1,211.96980592303268,355.8856952948595,340.67675700938975,428.80371830989486,474.15924401008897,503.4307235796053,0.0,False,20250824_C44YAT1
test,20250824_C44YAT1/test/20250824_C44YAT1__csv__f2__0000006.npz,0.23764862,0,17,0,test/20250824_C44YAT1__csv__f2__0000006.npz,test/20250824_C44YAT1__csv__f2__0000006.npz,26.355319208329007,29.81351586344215,20250824_C44YAT1,14.525282808745176,59.09110543629552,27.355319208329007,30.81351586344215,40.42985655328792,5.2710034757501205,0.0,False,20250824_C44YAT1
test,20250824_C44YAT1/test/20250824_C44YAT1__csv__f2__0000007.npz,0.7971899,1,2,0,test/20250824_C44YAT1__csv__f2__0000007.npz,test/20250824_C44YAT1__csv__f2__0000007.npz,458.1710189610272,508.1444414915105,20250824_C44YAT1,503.06570038472535,510.16152230966645,459.1710189610272,509.1444414915105,418.0869679453117,509.4333637479644,0.0,False,20250824_C44YAT1
test,20250824_C44YAT1/test/20250824_C44YAT1__csv__f2__0000008.npz,0.24463376,0,16,0,test/20250824_C44YAT1__csv__f2__0000008.npz,test/20250824_C44YAT1__csv__f2__0000008.npz,29.001218631885905,6.478053522166078,20250824_C44YAT1,28.89353180495013,6.918223123008062,30.001218631885905,7.478053522166078,28.202411882099423,7.562802476163455,0.0,False,20250824_C44YAT1
test,20250824_C44YAT1/test/20250824_C44YAT1__csv__f2__0000009.npz,0.77107805,1,5,0,test/20250824_C44YAT1__csv__f2__0000009.npz,test/20250824_C44YAT1__csv__f2__0000009.npz,385.0925886354301,12.798272344293563,20250824_C44YAT1,382.8864581319765,15.240968262280688,386.0925886354301,13.798272344293563,386.2518260272784,13.622111799205328,0.0,False,20250824_C44YAT1
test,20250824_C44YAT1/test/20250824_C44YAT1__csv__f2__0000010.npz,0.7823473,1,3,0,test/20250824_C44YAT1__csv__f2__0000010.npz,test/20250824_C44YAT1__csv__f2__0000010.npz,261.92576536530714,-1.0000000000055138,20250824_C44YAT1,405.0832335548049,-0.6144551979546691,262.92576536530714,-5.5138116294983774e-12,111.89103299273398,0.1996965695378207,0.0,False,20250824_C44YAT1
test,20250824_C44YAT1/test/20250824_C44YAT1__csv__f2__0000011.npz,0.6183027,1,7,0,test/20250824_C44YAT1__csv__f2__0000011.npz,test/20250824_C44YAT1__csv__f2__0000011.npz,472.26402195063633,501.7701987560269,20250824_C44YAT1,459.0249573978605,509.7418724439942,473.26402195063633,502.7701987560269,491.08189691556447,497.5310749828648,0.0,False,20250824_C44YAT1
test,20250824_C44YAT1/test/20250824_C44YAT1__csv__f2__0000012.npz,0.7815585,1,4,0,test/20250824_C44YAT1__csv__f2__0000012.npz,test/20250824_C44YAT1__csv__f2__0000012.npz,176.89914785246486,298.159823625884,20250824_C44YAT1,188.2258690945968,295.46722343045394,177.89914785246486,299.159823625884,169.7684869755214,299.5050034480009,0.0,False,20250824_C44YAT1
test,20250824_C44YAT1/test/20250824_C44YAT1__csv__f2__0000013.npz,0.7981775,1,1,1,test/20250824_C44YAT1__csv__f2__0000013.npz,test/20250824_C44YAT1__csv__f2__0000013.npz,508.9600470287505,4.694714815052322,20250824_C44YAT1,512.7644480312587,6.016521378551744,509.9600470287505,5.694714815052322,500.8752026262815,4.236342204280788,0.0,False,20250824_C44YAT1
test,20250824_C44YAT1/test/20250824_C44YAT1__csv__f2__0000014.npz,0.38491738,0,14,0,test/20250824_C44YAT1__csv__f2__0000014.npz,test/20250824_C44YAT1__csv__f2__0000014.npz,489.2758514610395,495.81132435637846,20250824_C44YAT1,469.12131200387824,481.3524545471513,490.2758514610395,496.81132435637846,504.14786437320765,511.29821796610577,0.0,False,20250824_C44YAT1
test,20250824_C44YAT1/test/20250824_C44YAT1__csv__f2__0000015.npz,0.33159447,0,15,0,test/20250824_C44YAT1__csv__f2__0000015.npz,test/20250824_C44YAT1__csv__f2__0000015.npz,304.14933999239395,209.8120663616772,20250824_C44YAT1,299.6061444374787,216.97727951547307,305.14933999239395,210.8120663616772,305.01962333450217,210.32724618215204,0.0,False,20250824_C44YAT1
test,20250824_C44YAT1/test/20250824_C44YAT1__csv__f2__0000016.npz,0.47128856,1,10,0,test/20250824_C44YAT1__csv__f2__0000016.npz,test/20250824_C44YAT1__csv__f2__0000016.npz,-0.6377167235687864,9.00786400855,20250824_C44YAT1,12.91457069684165,16.416480748650258,0.3622832764312136,10.00786400855,-4.591152725375309,6.132042449137288,0.0,False,20250824_C44YAT1
test,20250824_C44YAT1/test/20250824_C44YAT1__csv__f2__0000017.npz,0.3925525,0,13,0,test/20250824_C44YAT1__csv__f2__0000017.npz,test/20250824_C44YAT1__csv__f2__0000017.npz,298.3870550860978,215.90160729928587,20250824_C44YAT1,304.65563049344263,210.4637383070816,299.3870550860978,216.90160729928587,299.3116952591546,217.63510512072656,0.0,False,20250824_C44YAT1
test,20250824_C44YAT1/test/20250824_C44YAT1__csv__f2__0000018.npz,0.15417962,0,19,0,test/20250824_C44YAT1__csv__f2__0000018.npz,test/20250824_C44YAT1__csv__f2__0000018.npz,197.1727313721486,7.577224769140628,20250824_C44YAT1,309.9083693731501,-0.8178490310619964,198.1727313721486,8.577224769140628,85.70882772250565,31.22434461093644,0.0,False,20250824_C44YAT1
