folder,pix_scale,dt1_sec,dt2_sec,f1_x,f1_y,f2_x,f2_y,f3_x,f3_y,disp12_px,disp23_px,total_disp_px,angle_change_deg,score,residual_px,cross_track_px,vel_ratio,r_pred_px,f1,f2,f3,snr1,snr2,snr3,gmag1,gmag2,gmag3,gmag_mean,gmag_std,f1_snr,f2_snr,f3_snr,gmag,gmag1_disp,gmag2_disp,gmag3_disp,gmag_mean_disp,snr_mean,snr_std,snr_cv,gb_confidence
sample,1.1801444235588,193.0280002299696,207.8269996214658,225.63696682852813,235.85904698557923,235.44518734264105,261.9842848892156,246.0414142478203,289.9302005318444,27.905720653211286,29.887358962125944,57.793079615337234,0.1874930863065892,0.0134564333293018,0.1858097339780315,0.0978023725292125,0.9947470064136584,11.189622790297811,"(225.63696682852813, 235.85904698557923)","(235.44518734264102, 261.9842848892156)","(246.0414142478203, 289.9302005318444)",23.85639652144132,25.22551377545878,34.688382115790006,18.547917805607216,18.47236167297989,18.424120102858762,18.481466527148623,0.0509486118785331,23.85639652144132,25.22551377545878,34.688382115790006,18.481466527148623,18.5,18.5,18.4,18.5,27.923430804230037,5.898478210491652,0.21123758938669204,0.99972266
sample,1.1801444235588,193.0280002299696,207.8269996214658,347.3030614092485,67.19443519199186,278.3718211676021,174.80642847622113,204.3929303772498,290.4368116928476,127.79615401042624,137.2707609266983,265.0669149371245,0.0311251743016163,0.0184004129727484,0.3317317085942169,0.0745705213634266,0.9976509045737044,11.189622790297811,"(347.3030614092485, 67.19443519199186)","(278.3718211676021, 174.80642847622113)","(204.3929303772498, 290.4368116928476)",6.301708432228041,2.452005486120885,9.199147395400837,19.91806608221645,20.470788225223902,19.72894911326956,20.039267806903307,0.3147472113263836,6.301708432228041,2.452005486120885,9.199147395400837,20.039267806903307,19.9,20.5,19.7,20.0,5.984287104583255,3.38475231153231,0.565606604826829,1.4584659e-05
sample,1.1801444235588,193.0280002299696,207.8269996214658,507.80913076748834,360.3846742776352,477.8208536776216,346.5790945210216,445.7865359179712,332.0352538245394,33.0134941385314,35.18125660818425,68.19475074671564,0.3012955147035792,0.0277206615904944,0.4081294033004939,0.1850032594835191,0.9897789171054492,11.189622790297811,"(507.80913076748834, 360.3846742776352)","(477.8208536776216, 346.5790945210216)","(445.78653591797115, 332.0352538245394)",146.3715379992614,2.4282419954594356,5.724126569812017,16.5648286918996,20.97303056184856,20.00553219840942,19.181130484052527,1.8916993368452815,146.3715379992614,2.4282419954594356,5.724126569812017,19.181130484052527,16.6,21.0,20.0,19.2,51.507968854844286,82.17078724762877,1.5953024177520188,6.6836405e-06
sample,1.1801444235588,193.0280002299696,207.8269996214658,97.42426902997022,258.1737407698294,151.43251007933904,241.14581310440695,209.81954875241357,223.08128903230045,56.62897157661956,61.11770050454135,117.74667208116092,0.3075367142622115,0.0281793143673985,0.3591690289168281,0.3280494078855653,1.002412964741085,11.189622790297811,"(97.42426902997022, 258.1737407698294)","(151.43251007933904, 241.14581310440698)","(209.81954875241354, 223.08128903230045)",30.876639281341784,32.845869435063975,759.8150210137254,18.387617870625046,18.197800557018386,15.068918738621527,17.218112388754985,1.521683861706432,30.876639281341784,32.845869435063975,759.8150210137254,17.218112388754985,18.4,18.2,15.1,17.2,274.5125099100437,420.28545648107297,1.5310247850591518,4.4599044e-05
sample,1.1801444235588,193.0280002299696,207.8269996214658,357.39901051308675,179.4947648001425,239.0683678065133,183.3410216397712,112.20108184868248,187.30722385694185,118.39313618207404,126.92926772944652,245.32240391152052,0.0710724894585475,0.0321306114936164,0.563337692908052,0.157449236328488,0.9957575160915606,11.189622790297811,"(357.39901051308675, 179.4947648001425)","(239.06836780651332, 183.3410216397712)","(112.20108184868249, 187.30722385694185)",1.9854137663277802,3.918899106927612,4.831347118295129,20.07548311419979,20.106873310757766,20.449453560508378,20.210603328488645,0.1693780999458453,1.9854137663277802,3.918899106927612,4.831347118295129,20.210603328488645,20.1,20.1,20.4,20.2,3.5785533305168404,1.453172596975499,0.4060782284794457,9.098019e-06
sample,1.1801444235588,193.0280002299696,207.8269996214658,182.9529784578517,395.7761455008957,214.7089107072548,270.3545850235955,249.143031508528,135.76460157108244,129.37931467429308,138.92506009033943,268.3043747646325,0.1426520904141055,0.0343243262661648,0.5093454820135819,0.3458881252070043,0.9973189946950168,11.189622790297811,"(182.9529784578517, 395.7761455008957)","(214.7089107072548, 270.3545850235955)","(249.143031508528, 135.76460157108244)",4.571785225340388,7.687951330115149,13.8225207304203,20.076199849399757,19.60986208024458,19.039692321454805,19.575251417033048,0.4238595580123173,4.571785225340388,7.687951330115149,13.8225207304203,19.575251417033048,20.1,19.6,19.0,19.6,8.694085761958613,4.7067246273223,0.5413708532663433,5.963768e-05
sample,1.1801444235588,193.0280002299696,207.8269996214658,65.36411792530228,227.2156123962093,130.96352000526633,165.7127644663032,201.2725221169682,99.1457013519664,89.92153166365634,96.82215484903956,186.7436865126959,0.2800550385559271,0.0366406122920339,0.4732841921033767,0.4732534327757207,1.0000676794294063,11.189622790297811,"(65.36411792530228, 227.21561239620934)","(130.96352000526633, 165.7127644663032)","(201.2725221169682, 99.14570135196641)",8.577553043234516,5.683236830252523,11.724154408004281,19.78761975526861,20.051448659616007,19.31439758304882,19.717821999311145,0.30492060979839314,8.577553043234516,5.683236830252523,11.724154408004281,19.717821999311145,19.8,20.1,19.3,19.7,8.66164809383044,3.0213366708211438,0.3488177582477861,4.2063013e-05
sample,1.1801444235588,193.0280002299696,207.8269996214658,238.9779016178604,318.6989232346642,226.41831260850688,246.32266078261088,213.0433304303394,169.31477096764218,73.45792430100634,78.16076536230092,151.61868966330726,0.0084201775196175,0.0465981899641675,0.9290757864376784,0.0114864920705102,0.9882538039725572,11.189622790297811,"(238.97790161786037, 318.6989232346642)","(226.41831260850688, 246.32266078261088)","(213.0433304303394, 169.31477096764218)",42.368371763404056,14.0339406359666,9.840046851482505,17.77685578322682,19.042080139918554,19.586100939044172,18.80167895406318,0.7579298806981373,42.368371763404056,14.0339406359666,9.840046851482505,18.80167895406318,17.8,19.0,19.6,18.8,22.080786416951053,17.69425826818108,0.8013418514205406,1.5935891e-05
sample,1.1801444235588,193.0280002299696,207.8269996214658,383.8443199630153,263.0510941380361,383.38563262249625,263.7231738074544,383.45369907560905,263.6350519052185,0.8136861547291128,0.1113486043604651,0.925034759089578,176.63018337263782,0.0619356587421964,0.9872473154611364,0.0065451259033109,0.1271001886815898,11.189622790297811,"(383.8443199630153, 263.0510941380361)","(383.38563262249625, 263.7231738074544)","(383.45369907560905, 263.6350519052185)",3.6488755660442593,5.208060991632291,9.234903129220921,20.508314297395838,20.020981949307313,19.701227807177638,20.0768413512936,0.3318507247401881,3.6488755660442593,5.208060991632291,9.234903129220921,20.0768413512936,20.5,20.0,19.7,20.1,6.030613228965824,2.8824243479229685,0.4779653807142377,0.00022380396
sample,1.1801444235588,193.0280002299696,207.8269996214658,348.40854425400585,397.960081466072,349.4262042587293,397.9913604306598,349.5629022803377,398.1059995186528,1.0181405889362218,0.1784053519587083,1.1965459408949302,38.22371436829018,0.0631649698215299,0.9623950999478502,0.1103853863332323,0.1627490532803092,11.189622790297811,"(348.40854425400585, 397.960081466072)","(349.4262042587293, 397.9913604306598)","(349.5629022803377, 398.10599951865277)",3.616594666456498,5.845450793067763,7.150420374888142,21.35064972916866,19.94429368555092,19.98684208782186,20.42726183418048,0.6531648567255577,3.616594666456498,5.845450793067763,7.150420374888142,20.42726183418048,21.4,19.9,20.0,20.4,5.537488611470802,1.7869279681519268,0.3226964592668127,0.00065747945
sample,1.1801444235588,193.0280002299696,207.8269996214658,204.5357009840216,290.3098018109296,350.9417948428922,267.48820126055017,507.3425708647285,242.7658694493573,148.1741197736417,158.3426551198865,306.51677489352824,0.1225512991345805,0.063851903829458,1.2391672139266976,0.3386825951563281,0.9925306126990496,12.30833592827696,"(204.53570098402156, 290.30980181092957)","(350.9417948428922, 267.48820126055017)","(507.3425708647285, 242.7658694493573)",8.108878236546776,4.048587455225575,80.64065061862526,19.562133729469863,20.20218459992509,17.18296060934404,18.982426312912995,1.298967254638165,8.108878236546776,4.048587455225575,80.64065061862526,18.982426312912995,19.6,20.2,17.2,19.0,30.9327054367992,43.09618719743997,1.3932239870027805,1.0909547e-05
sample,1.1801444235588,193.0280002299696,207.8269996214658,395.0513071315854,207.8062507711292,335.96816981830926,187.5043716387321,273.3964291899482,166.25801769123473,62.4738618230529,66.08048336177049,128.55434518482338,0.2084966525040181,0.0677073729748939,1.2077197417217285,0.240463246802058,0.9824109669837064,11.189622790297811,"(395.0513071315854, 207.8062507711292)","(335.96816981830926, 187.5043716387321)","(273.3964291899482, 166.25801769123473)",4.266762155320446,2.076197642734227,9.59867648063524,20.60780680021272,20.254690932342086,19.601704481184854,20.154734071246555,0.41677651857109776,4.266762155320446,2.076197642734227,9.59867648063524,20.154734071246555,20.6,20.3,19.6,20.2,5.313878759563305,3.8690130335562274,0.728095842720014,0.00015554244
sample,1.1801444235588,193.0280002299696,207.8269996214658,361.3745001652287,74.03834443909628,235.80668580115577,141.23122284589476,99.48637563405566,214.35470860084985,142.41544478307503,154.69412119731473,297.1095659803898,0.0577416220958045,0.0679541109313086,1.3688497169949958,0.1558978348938069,1.0088696625564737,11.82998177038528,"(361.3745001652287, 74.03834443909628)","(235.80668580115577, 141.23122284589476)","(99.48637563405566, 214.35470860084985)",2.517927970450913,2.599213732322728,6.181581500761375,21.310083344538533,20.165255237529784,20.243583880513327,20.572974154193883,0.5221949271717231,2.517927970450913,2.599213732322728,6.181581500761375,20.572974154193883,21.3,20.2,20.2,20.6,3.766241067845005,2.0921409844776826,0.5554984258282699,0.00018567099
sample,1.1801444235588,193.0280002299696,207.8269996214658,496.3690556364685,357.30868087872256,495.7869708191282,357.9334561547216,495.96750058364034,357.9574920978502,0.853912688790668,0.1821228223942978,1.0360355111849655,125.3902867756605,0.0687627455975954,1.0355540112881934,0.1484712578685634,0.1980930544818163,11.189622790297811,"(496.3690556364685, 357.30868087872256)","(495.78697081912827, 357.9334561547216)","(495.96750058364034, 357.9574920978502)",6.224910037471049,3.5579855355036067,5.531282560399247,20.00835915909637,20.12239136754438,20.21128034658833,20.11401029107636,0.08305393394399099,6.224910037471049,3.5579855355036067,5.531282560399247,20.11401029107636,20.0,20.1,20.2,20.1,5.104726044457968,1.3836850872823427,0.27105961715312105,0.00031777984
sample,1.1801444235588,193.0280002299696,207.8269996214658,168.78539444301524,89.37616438861178,227.96962422250925,109.48550239649666,292.1934315322652,131.9977461496182,62.507267815089385,68.0551140191582,130.5623818342476,0.550502407997475,0.0696692194718595,0.9968358296416228,0.6538688894942766,1.0112268517705787,11.189622790297811,"(168.78539444301524, 89.37616438861178)","(227.96962422250925, 109.48550239649666)","(292.1934315322652, 131.9977461496182)",4.767291395300521,3.4077466369069613,45.90900055123736,19.866564286018782,20.69477162606923,17.846437416357183,19.4692577761484,1.1962834919430052,4.767291395300521,3.4077466369069613,45.90900055123736,19.4692577761484,19.9,20.7,17.8,19.5,18.02801286114828,24.155210543870094,1.3398709402923927,8.600488e-06
sample,1.1801444235588,193.0280002299696,207.8269996214658,261.22307878290815,260.74843948239305,334.0558220339902,135.99305702185978,412.2730593445725,0.4502869864979573,144.45938509612995,156.492104341909,300.95148943803895,0.2887526331487039,0.0764066975110726,1.2388439084330385,0.7886674428397669,1.0061552838162016,11.999765157854425,"(261.22307878290815, 260.74843948239305)","(334.0558220339902, 135.99305702185978)","(412.2730593445725, 0.4502869864979573)",10.201241440837888,13.48126018889039,37.12059547239694,19.23796531553149,19.01386055183479,18.525264208500325,18.925696691955533,0.2975627291093076,10.201241440837888,13.48126018889039,37.12059547239694,18.925696691955533,19.2,19.0,18.5,18.9,20.26769903404174,14.686889375165121,0.7246451287093291,0.0002883144
sample,1.1801444235588,193.0280002299696,207.8269996214658,142.9751216357271,238.5985460843294,142.38214122028535,239.56491071921897,142.6621314268412,240.11231862860092,1.1337929178923154,0.6148576542754686,1.748650572167784,58.623102371351386,0.0792848525738173,1.0424074049137615,0.52494136615252,0.5036851972416563,11.189622790297811,"(142.97512163572713, 238.5985460843294)","(142.38214122028535, 239.56491071921897)","(142.6621314268412, 240.11231862860095)",7.72404157666387,6.479751599978828,6.815575024780386,19.740222488727646,19.724318196721452,20.024236690796876,19.829592458748657,0.13778732265895619,7.72404157666387,6.479751599978828,6.815575024780386,19.829592458748657,19.7,19.7,20.0,19.8,7.006456067141028,0.643732138213737,0.09187699630812225,0.00092140294
sample,1.1801444235588,193.0280002299696,207.8269996214658,209.82457237273223,223.1067985180816,267.4380199235215,140.37837299969485,329.3574055368552,52.574771568701976,100.8132021485222,107.44060098019447,208.2538031287167,0.3376220305030876,0.0805671918756831,1.2722807943437735,0.6331025469065423,0.9898499443959192,11.189622790297811,"(209.82457237273226, 223.10679851808158)","(267.4380199235215, 140.37837299969485)","(329.3574055368552, 52.574771568701976)",653.8704864802753,4.963674673621683,9.994951387715272,15.088418094475161,19.644436872041126,19.454399976772205,18.062418314429497,2.1043663316395578,653.8704864802753,4.963674673621683,9.994951387715272,18.062418314429497,15.1,19.6,19.5,18.1,222.94303751387073,373.2025966427127,1.6739818421981145,6.4185297e-06
sample,1.1801444235588,193.0280002299696,207.8269996214658,122.14345890192185,293.1464644720476,170.66328792068995,217.5241776787962,221.86856525758387,137.18324709464446,89.84934094277632,95.27143094483104,185.12077188760736,0.1731447595461046,0.0824043604321038,1.4948676284861293,0.2879046944781436,0.9848410352554408,11.189622790297811,"(122.14345890192183, 293.1464644720476)","(170.66328792068995, 217.5241776787962)","(221.86856525758387, 137.18324709464446)",23.67802124310027,91.12738995926237,18.214554430394255,18.67001831576556,17.031435913281566,18.836850750102194,18.179434993049775,0.8146102056190883,23.67802124310027,91.12738995926237,18.214554430394255,18.179434993049775,18.7,17.0,18.8,18.2,44.3399885442523,40.61105841738615,0.9159014188029255,4.4102384e-05
sample,1.1801444235588,193.0280002299696,207.8269996214658,250.36041427552448,6.948607134078202,199.72682852987657,145.3992565846201,144.37332684150874,293.4980853428633,147.4189348039753,158.10525996540275,305.524194769378,0.4054975555427088,0.0845464125417642,1.2791813603118087,1.1189438695578673,0.9961193887485222,12.245605201016092,"(250.36041427552448, 6.948607134078202)","(199.72682852987657, 145.3992565846201)","(144.37332684150874, 293.4980853428633)",5.2978151681744325,54.51944383908656,6.782075419805631,19.942313623235474,17.653380311704012,20.01533605744521,19.203676664128235,1.0966303400962303,5.2978151681744325,54.51944383908656,6.782075419805631,19.203676664128235,19.9,17.7,20.0,19.2,22.19977814235554,27.999488391486405,1.261250820253264,1.09492585e-05
sample,1.1801444235588,193.0280002299696,207.8269996214658,246.5777234971962,280.40060381789334,246.0393560310713,281.11707439332247,246.03416228790064,280.76220120101607,0.8961973075375123,0.3549111967603411,1.2511085042978534,142.23972132199583,0.0849195972332259,1.2643118976986476,0.2173331071825429,0.3678192118907378,11.189622790297811,"(246.5777234971962, 280.40060381789334)","(246.0393560310713, 281.11707439332247)","(246.03416228790064, 280.76220120101607)",4.912897319481184,4.796633607217393,5.310915254287277,20.141720741346823,20.07844056051079,19.997341400444327,20.072500900767313,0.05909206482690664,4.912897319481184,4.796633607217393,5.310915254287277,20.072500900767313,20.1,20.1,20.0,20.1,5.0068153936619515,0.2696977134155875,0.053866118922018494,0.0002189676
sample,1.1801444235588,193.0280002299696,207.8269996214658,227.7865243057656,406.38253353593086,199.2462526945112,382.2945638104443,167.826746967647,357.113071415244,37.34671858597665,40.26528156327704,77.6120001492537,1.4535467401701996,0.0876711439789853,1.0222639105625737,1.0213874644672174,1.0013747464175071,11.189622790297811,"(227.7865243057656, 406.38253353593086)","(199.24625269451116, 382.2945638104443)","(167.826746967647, 357.113071415244)",3.97996956096492,3.8549101755497412,3.7373840936879517,20.29834024769322,19.58526813336627,20.684440903742683,20.189349761600724,0.45530531099343896,3.97996956096492,3.8549101755497412,3.7373840936879517,20.189349761600724,20.3,19.6,20.7,20.2,3.8574212767342044,0.12131222714699957,0.031449048067082194,8.2216866e-05
sample,1.1801444235588,193.0280002299696,207.8269996214658,119.7124055509638,202.63115744348664,215.2790632277438,262.3599975134133,316.85152882117933,327.1499891095203,112.69658555435356,120.47700518253788,233.1735907368914,0.5273218952302019,0.0995203826311205,1.40620553988148,1.1087948600528108,0.9929142618656428,11.189622790297811,"(119.71240555096381, 202.63115744348664)","(215.2790632277438, 262.3599975134133)","(316.85152882117933, 327.1499891095203)",32.35504310205988,8.665537723772967,5.896751272142151,18.33779710250953,19.498289365010184,20.39576236322999,19.410616276916567,0.8424449265342562,32.35504310205988,8.665537723772967,5.896751272142151,19.410616276916567,18.3,19.5,20.4,19.4,15.639110699325002,14.542466835901159,0.9298781187429555,8.180603e-06
sample,1.1801444235588,193.0280002299696,207.8269996214658,208.49777460702808,82.31678735560334,292.52268823998736,42.89140058800976,381.1996357463053,0.9697742209919512,92.81458523745398,98.0868175459583,190.9014027834123,0.1657602954105981,0.1006357774134827,1.865758709656406,0.2837709393227214,0.9815507501658916,11.189622790297811,"(208.49777460702808, 82.31678735560334)","(292.52268823998736, 42.89140058800976)","(381.1996357463053, 0.9697742209919511)",5.481226343241495,25.918243548620293,17.069849741010902,19.89267717050627,18.195046081733658,19.149533898244858,19.07908571682826,0.6948429261785245,5.481226343241495,25.918243548620293,17.069849741010902,19.07908571682826,19.9,18.2,19.1,19.1,16.15643987762423,10.249080751322838,0.6343650475571195,1.0368978e-05
sample,1.1801444235588,193.0280002299696,207.8269996214658,374.7207443558693,436.1548567802726,374.93951279963295,436.9324628726579,374.2568223812354,436.6947184058413,0.8077938269765657,0.7229029249309592,1.530696751907525,124.91368141987414,0.1043347269931226,1.4137554514781618,0.5927914098234395,0.8311851883452508,11.189622790297811,"(374.72074435586933, 436.1548567802726)","(374.93951279963295, 436.9324628726579)","(374.2568223812354, 436.6947184058413)",4.70541036723914,8.567183221138281,9.93714945428682,19.89500626793921,19.38309203159626,19.57970855210108,19.619268950545518,0.21085194677222874,4.70541036723914,8.567183221138281,9.93714945428682,19.619268950545518,19.9,19.4,19.6,19.6,7.736581014221414,2.712968574889322,0.3506676359883432,8.257405e-05
sample,1.1801444235588,193.0280002299696,207.8269996214658,372.3305360268747,106.20201927229076,401.0505362658437,241.70868081449828,431.723556717366,389.48826344756674,138.51676337555958,150.9292523894007,289.4460157649603,0.2407111554023063,0.1076177666334748,1.9003137963737748,0.6340824431240648,1.0120207782847106,11.50613115116558,"(372.3305360268747, 106.20201927229076)","(401.0505362658437, 241.70868081449828)","(431.723556717366, 389.48826344756674)",3.775921464606581,68.18920627829185,8.778794269754643,20.393189512070258,17.271415797489656,19.77476113395969,19.146455481173202,1.349677437082452,3.775921464606581,68.18920627829185,8.778794269754643,19.146455481173202,20.4,17.3,19.8,19.1,26.914640670884356,35.83224118913387,1.331328982886863,2.3537821e-05
sample,1.1801444235588,193.0280002299696,207.8269996214658,329.7514995300912,53.98411583556191,386.8266023149058,34.169989334939515,446.745701783623,13.95647550626785,60.41661167989989,63.23673475476044,123.65334643466034,0.5032405989967705,0.1121175513733059,1.8974251293100597,0.5554140877780469,0.9721458247969292,11.189622790297811,"(329.7514995300912, 53.98411583556191)","(386.8266023149058, 34.169989334939515)","(446.745701783623, 13.95647550626785)",10.90708465480422,2.9027660234551163,9.002321699540403,19.150343238825975,21.279775551121897,19.910180712953714,20.11343316763386,0.8811372058927102,10.90708465480422,2.9027660234551163,9.002321699540403,20.11343316763386,19.2,21.3,19.9,20.1,7.60405745926658,4.181343845256212,0.54988325215253,6.594855e-05
sample,1.1801444235588,193.0280002299696,207.8269996214658,273.2028634740752,166.80534691090855,305.7424063477896,305.7574946173521,341.6328571802106,457.5278497148272,142.71132121406347,155.9562924263337,298.6676136403972,0.124898669549554,0.1171817353394279,2.328216726205687,0.3399677632546201,1.014992466600496,11.854559250659356,"(273.2028634740752, 166.80534691090855)","(305.7424063477896, 305.7574946173521)","(341.6328571802106, 457.5278497148272)",5.726543444377618,5.614331889676661,2.4926406815669533,19.532554199550837,19.89911841743373,20.876137520191893,20.10260337905882,0.5670735590625992,5.726543444377618,5.614331889676661,2.4926406815669533,20.10260337905882,19.5,19.9,20.9,20.1,4.611172005207077,1.8355596109049097,0.39806791176562906,7.057881e-06
sample,1.1801444235588,193.0280002299696,207.8269996214658,197.72833094855835,179.37496596163703,273.406250234458,166.55945712489404,356.9861436826013,152.86877600377582,76.7553563876019,84.6937620982982,161.4491184859001,0.3088066187845135,0.1178658878071266,2.1026701649519075,0.4564711031867858,1.0248518177604995,11.189622790297811,"(197.72833094855835, 179.37496596163703)","(273.406250234458, 166.55945712489404)","(356.9861436826013, 152.86877600377582)",3.646412847323324,4.925784021703363,9.144112407587292,20.92121549559654,20.009123013039716,19.62681517737656,20.185717895337604,0.5429900921701067,3.646412847323324,4.925784021703363,9.144112407587292,20.185717895337604,20.9,20.0,19.6,20.2,5.905436425537992,2.8767975663897314,0.4871439397686263,2.8411774e-05
sample,1.1801444235588,193.0280002299696,207.8269996214658,356.9889342457102,153.3176305664225,221.9157970453016,137.15426895506124,78.13347670803736,120.80923935865108,136.0367841862635,144.7083813539326,280.7451655401961,0.3382967912077941,0.1181365667024749,1.9569181985114008,0.854410168590789,0.9879971057712992,11.30012745089982,"(356.9889342457102, 153.3176305664225)","(221.9157970453016, 137.15426895506124)","(78.13347670803736, 120.80923935865107)",10.062661386316291,13.411503850081662,14.809757700591065,19.474865688456937,18.90194486860449,19.2979606592764,19.224923738779278,0.23952781365550127,10.062661386316291,13.411503850081662,14.809757700591065,19.224923738779278,19.5,18.9,19.3,19.2,12.761307645663004,2.4394255845240713,0.19115796376503175,0.00014242629
sample,1.1801444235588,193.0280002299696,207.8269996214658,201.4127310638268,99.32663249374625,213.0640122660334,169.37973413563347,226.9674347514942,245.80931680225004,71.01541665935274,77.68388676812195,148.6993034274747,0.8669891329965981,0.1188202104625578,1.6905319195383746,1.1754533403424077,1.016006884393631,11.189622790297811,"(201.4127310638268, 99.32663249374625)","(213.0640122660334, 169.37973413563347)","(226.9674347514942, 245.80931680225004)",9.47968220856794,10.520451545726807,14.064271868642773,19.404951245842657,19.32378525883854,19.20067426172155,19.309803588800914,0.08397970740277937,9.47968220856794,10.520451545726807,14.064271868642773,19.309803588800914,19.4,19.3,19.2,19.3,11.354801874312507,2.4034810049019666,0.2116708888016145,0.0038547155
sample,1.1801444235588,193.0280002299696,207.8269996214658,259.40862626594475,218.5417404093297,197.67789603721812,178.7828376342523,132.67340476737564,135.27149320602388,73.42651703880468,78.22289293552723,151.6494099743319,1.012367283587348,0.121161463702155,1.6200531589553746,1.3820595139152658,0.9894623853768102,11.189622790297811,"(259.40862626594475, 218.54174040932966)","(197.67789603721815, 178.7828376342523)","(132.67340476737564, 135.27149320602388)",45.23682683831751,3.603778018863332,6.076918090813747,17.77255120108308,20.143690214888643,20.082079990798075,19.3327738022566,1.1035306607544173,45.23682683831751,3.603778018863332,6.076918090813747,19.3327738022566,17.8,20.1,20.1,19.3,18.305840982664865,23.355676072892727,1.2758592241137634,4.666147e-06
sample,1.1801444235588,193.0280002299696,207.8269996214658,498.486406884992,57.67810213733407,498.0346814193111,56.4686218782775,498.00689643646126,56.96951219708001,1.2910841929913643,0.5016603599468863,1.7927445529382506,156.34496919866694,0.1217854272419178,1.8604982700183903,0.2012806772648209,0.3608889336934924,11.189622790297811,"(498.486406884992, 57.678102137334065)","(498.0346814193111, 56.4686218782775)","(498.00689643646126, 56.96951219708001)",3.017548199377798,3.1852667672603427,5.461739900904096,20.552085262970145,20.59462977317493,20.58962927163289,20.57878143592599,0.018987109518200533,3.017548199377798,3.1852667672603427,5.461739900904096,20.57878143592599,20.6,20.6,20.6,20.6,3.888184955847412,1.3653163565040156,0.35114491003076553,0.000368963
sample,1.1801444235588,193.0280002299696,207.8269996214658,381.8515590517754,195.78694154235612,381.76053273366455,194.6930165589677,381.3991359950352,195.3094536050779,1.0977056344349378,0.7145643669460329,1.8122700013809707,144.86164173889742,0.1244727563551493,1.813460460789015,0.4112695624348509,0.6046078836027113,11.189622790297811,"(381.85155905177544, 195.78694154235615)","(381.76053273366455, 194.6930165589677)","(381.3991359950352, 195.3094536050779)",10.113881984060438,5.135241350010923,9.961654146460134,19.47284800788953,19.82807014118029,19.43845583173274,19.57979132693419,0.17612019124788697,10.113881984060438,5.135241350010923,9.961654146460134,19.57979132693419,19.5,19.8,19.4,19.6,8.403592493510498,2.831498318301876,0.33693903178770773,0.000102495826
sample,1.1801444235588,193.0280002299696,207.8269996214658,137.13953549213616,79.37803043442767,231.5483609909533,130.71454765404604,335.2771039134673,187.2946855025128,107.46378149081804,118.15652376079996,225.620305251618,0.074868773564365,0.1260894141105846,2.458500790067364,0.1543958661582536,1.021207345998938,11.189622790297811,"(137.13953549213616, 79.37803043442767)","(231.54836099095334, 130.71454765404604)","(335.2771039134673, 187.2946855025128)",3.492283789362286,2.901620112404546,1.0064403079794415,20.298530649186304,20.052075663862837,21.152286925164837,20.500964412737993,0.47141685470024675,3.492283789362286,2.901620112404546,1.0064403079794415,20.500964412737993,20.3,20.1,21.2,20.5,2.4667814032487576,1.2987178218221997,0.5264827358077959,8.008808e-06
sample,1.1801444235588,193.0280002299696,207.8269996214658,303.69800310978064,221.4448992492401,304.5836693273415,221.1172014391161,303.9494512145847,221.750143568127,0.9443466014597792,0.8960180540734708,1.84036465553325,155.3622429533789,0.1269293099758162,1.8689021877990728,0.3735318940093947,0.8812592374915525,11.189622790297811,"(303.69800310978064, 221.4448992492401)","(304.5836693273415, 221.11720143911612)","(303.9494512145847, 221.750143568127)",3.013158577123522,4.894724025809621,5.791642869932176,20.016896168487232,19.578081004928947,19.851857576281596,19.81561158323259,0.1809696400896247,3.013158577123522,4.894724025809621,5.791642869932176,19.81561158323259,20.0,19.6,19.9,19.8,4.566508490955106,1.4180225031133946,0.3105266323104567,0.00047513476
sample,1.1801444235588,193.0280002299696,207.8269996214658,215.2621236769069,262.3623735247141,161.5289512231745,249.91878843429853,106.13132308626656,236.6663945967971,55.15520493883564,56.96071581027911,112.11592074911476,0.4148670347096303,0.136333981985769,2.4594299081339903,0.4124373029102024,0.9591958239850378,11.189622790297811,"(215.2621236769069, 262.3623735247141)","(161.5289512231745, 249.91878843429853)","(106.13132308626655, 236.6663945967971)",9.019018669870517,23.952668978888767,5.492146106562985,19.550726583854523,18.43873190048165,20.32513849070161,19.43819899167926,0.7742218890201517,9.019018669870517,23.952668978888767,5.492146106562985,19.43819899167926,19.6,18.4,20.3,19.4,12.821277918440757,9.800031006324382,0.7643568034843908,4.450277e-05
sample,1.1801444235588,193.0280002299696,207.8269996214658,158.80733273205627,201.41235563081133,249.35455962408423,135.82788785442048,347.7510515167602,63.23121905567223,111.8039476554779,122.27896768234754,234.08291533782543,0.5035316712209391,0.1370592566779687,2.181580176678106,1.07460865201989,1.015811134798887,11.189622790297811,"(158.80733273205627, 201.41235563081133)","(249.35455962408423, 135.82788785442048)","(347.7510515167602, 63.23121905567223)",6.296130224633612,12.462354002040811,7.9506529513429385,19.857487793564434,19.13408464467335,19.578629185018322,19.52340054108537,0.2978989552285456,6.296130224633612,12.462354002040811,7.9506529513429385,19.52340054108537,19.9,19.1,19.6,19.5,8.903045726005788,3.1915306541200534,0.3584762734395035,2.9520445e-05
sample,1.1801444235588,193.0280002299696,207.8269996214658,501.4111308338591,507.2468882421832,502.1549817722622,507.7250878676368,501.9046948067554,506.6531149977469,0.8843014759385588,1.1008039784096488,1.985105454348208,135.8778873330718,0.1396206777532441,1.903417335836341,0.7663686089969608,1.156186739906419,11.189622790297811,"(501.4111308338591, 507.2468882421832)","(502.1549817722622, 507.7250878676368)","(501.9046948067554, 506.6531149977469)",1.4382613871791692,3.1264274272936237,3.3634939058143742,21.44236231985675,21.19974767394083,21.48028454585444,21.37413151321734,0.1242760807148512,1.4382613871791692,3.1264274272936237,3.3634939058143742,21.37413151321734,21.4,21.2,21.5,21.4,2.6427275734290556,1.0498115184041692,0.39724545539969996,0.0029136783
sample,1.1801444235588,193.0280002299696,207.8269996214658,96.05943832227766,280.0012925018265,217.09125075723088,274.26471807916806,349.8346054945716,267.24708415854946,121.16768507896978,132.92872305400095,254.09640813297077,0.3125605489066422,0.1467691510578881,2.573690381900622,0.7251505943693157,1.0189441158822543,11.189622790297811,"(96.05943832227766, 280.0012925018265)","(217.09125075723088, 274.26471807916806)","(349.8346054945716, 267.24708415854946)",2.235966821926835,5.201858244570191,6.014449239307806,21.579470808132182,19.87242469846902,20.26544006977522,20.572445192125475,0.7299272630388165,2.235966821926835,5.201858244570191,6.014449239307806,20.572445192125475,21.6,19.9,20.3,20.6,4.484091435268278,1.9888751190097065,0.44354026846259315,2.2199813e-05
sample,1.1801444235588,193.0280002299696,207.8269996214658,281.7160728950336,82.46166410463363,345.1893674046723,180.3772447609823,411.6023857192987,284.0331200340889,116.68898856009186,123.10657772959463,239.7955662896865,0.3051654967151097,0.1472024230383156,2.6139946718723075,0.6556800979339954,0.9798728545700344,11.189622790297811,"(281.7160728950336, 82.46166410463363)","(345.1893674046723, 180.3772447609823)","(411.6023857192987, 284.0331200340889)",7.543139310259686,2.4082118514679136,4.273079321129529,20.012057403490882,20.55018236016845,19.757561273922494,20.10660034586061,0.3304197558201521,7.543139310259686,2.4082118514679136,4.273079321129529,20.10660034586061,20.0,20.6,19.8,20.1,4.741476827619043,2.5993109028793824,0.5482070243892007,3.165112e-05
sample,1.1801444235588,193.0280002299696,207.8269996214658,310.91605882489245,17.657205204209646,310.7969017908584,16.478583085844832,310.8346643303521,17.564517846216916,1.1846301096369936,1.086591143518752,2.2712212531557454,176.21870611392788,0.1496059435270754,2.360766398011556,0.0716586554882718,0.8519257350681135,11.189622790297811,"(310.91605882489245, 17.657205204209646)","(310.7969017908584, 16.478583085844832)","(310.8346643303521, 17.564517846216916)",4.3106133472094275,5.154091196290271,4.348401405754467,20.365149297396894,19.741071620489784,20.37967717461852,20.161966030835064,0.29767638278178193,4.3106133472094275,5.154091196290271,4.348401405754467,20.161966030835064,20.4,19.7,20.4,20.2,4.604368649751389,0.47644846832794663,0.10347748075160583,0.0039606127
sample,1.1801444235588,193.0280002299696,207.8269996214658,118.03258401701204,266.1420830025581,158.18643954952137,208.42564384937089,199.68514922682036,145.4087415630271,70.31016614010517,75.45377975056881,145.763945890674,1.4604667725050506,0.1531968024108847,1.9421630687556624,1.9231050914751504,0.996738467536255,11.189622790297811,"(118.03258401701203, 266.1420830025581)","(158.18643954952137, 208.42564384937089)","(199.68514922682033, 145.4087415630271)",36.65224954213379,7.79622346444239,64.46165448339994,17.90737418106516,19.80102711868564,17.66973742620019,18.459379575316998,0.953635641387221,36.65224954213379,7.79622346444239,64.46165448339994,18.459379575316998,17.9,19.8,17.7,18.5,36.30337582999204,28.334326404404372,0.7804873722238239,1.5581553e-06
sample,1.1801444235588,193.0280002299696,207.8269996214658,4.161127402542036,3.735770518104744,70.22620539331987,104.56318581875416,139.10231419363328,212.1559299043529,120.54361122074114,127.75021308530856,248.2938243060497,0.6084204701374046,0.1576978441794974,2.4518545099733955,1.3565464092121573,0.9843187977315272,11.189622790297811,"(4.161127402542036, 3.7357705181047436)","(70.22620539331987, 104.56318581875416)","(139.10231419363328, 212.15592990435286)",324.50617406977767,3.8182092005128174,8.873018167515545,14.907733023303734,20.70728434276691,19.769222453653388,18.461413273241345,2.541846115988572,324.50617406977767,3.8182092005128174,8.873018167515545,18.461413273241345,14.9,20.7,19.8,18.5,112.39913381260202,183.70747172724785,1.6344207067781766,2.7020067e-06
sample,1.1801444235588,193.0280002299696,207.8269996214658,157.87083652935112,130.7265850503484,268.31109311718825,176.818355590516,390.26825104575175,227.7265099036736,119.67247631228646,132.1559251247739,251.82840143706036,0.0039426177421535,0.1641297416753021,3.308455806640866,0.0090938686783772,1.0256772082997283,11.189622790297811,"(157.87083652935112, 130.7265850503484)","(268.31109311718825, 176.818355590516)","(390.26825104575175, 227.7265099036736)",165.42099870091027,3.763186841182721,4.601419811541495,16.585415876280592,19.7509839911773,19.973549019282327,18.76998296224674,1.5473921745415882,165.42099870091027,3.763186841182721,4.601419811541495,18.76998296224674,16.6,19.8,20.0,18.8,57.92853511787816,93.09214764946753,1.6070171196291312,1.2227282e-05
sample,1.1801444235588,193.0280002299696,207.8269996214658,153.33271120367294,268.13731833020034,209.81342736095507,223.09374612977743,267.99461958152585,176.23516629829652,72.24260996264033,74.70460248224522,146.94721244488557,0.275153593746205,0.1650784674198558,3.0983785095850567,0.3587552348214018,0.9604445026183244,11.189622790297811,"(153.33271120367294, 268.13731833020034)","(209.81342736095507, 223.09374612977746)","(267.99461958152585, 176.23516629829652)",34.21791478210594,586.2143093925815,3.098696967605754,18.190695683016216,15.077178271190135,20.36077899390724,17.876217649371196,2.168452823944314,34.21791478210594,586.2143093925815,3.098696967605754,17.876217649371196,18.2,15.1,20.4,17.9,207.8436403807644,328.0478224370406,1.5783394759448262,1.3800826e-05
sample,1.1801444235588,193.0280002299696,207.8269996214658,215.6815251437516,354.34957335784543,144.6326424551841,293.26651036135524,65.54539120266716,226.92557441915,93.69676790758052,103.22748225335408,196.92425016093455,0.6957247390720257,0.1665726842354724,2.654201858268784,1.2534282440251443,1.023267235535585,11.189622790297811,"(215.68152514375157, 354.34957335784543)","(144.6326424551841, 293.26651036135524)","(65.54539120266716, 226.92557441914997)",6.4866688260915115,3.4416463758966067,12.27577829187706,19.86453925158432,20.113097146742465,19.66077393208255,19.87947011013644,0.1849617447526161,6.4866688260915115,3.4416463758966067,12.27577829187706,19.87947011013644,19.9,20.1,19.7,19.9,7.40136449795506,4.48753527076173,0.6063118864098102,2.934964e-06
sample,1.1801444235588,193.0280002299696,207.8269996214658,194.18303315380817,275.0609030018273,167.5322971895286,356.98368527558205,140.55263631674535,446.5651197392904,86.14873175451146,93.5560553966768,179.70478715118827,1.2595286955033314,0.167077822307075,2.1993891064505213,2.0564698990320665,1.0086520085011177,11.189622790297811,"(194.18303315380817, 275.0609030018273)","(167.5322971895286, 356.98368527558205)","(140.55263631674535, 446.56511973929037)",14.084880886820839,2.8793649961249783,4.243887014058812,19.1003142879911,20.564865155285677,20.457200036522302,20.040793159933028,0.6664699672535646,14.084880886820839,2.8793649961249783,4.243887014058812,20.040793159933028,19.1,20.6,20.5,20.0,7.069377632334877,6.113791337593548,0.864827380225023,2.7043448e-06
sample,1.1801444235588,193.0280002299696,207.8269996214658,288.18604851462726,2.8931812027303465,228.0496855803007,48.861685375302585,164.4111063254046,100.18952881447902,75.69336511764315,81.75827959111112,157.45164470875426,1.4935348121030756,0.1680773358436225,2.14375908980324,2.1309598989112715,1.003210974941699,11.189622790297811,"(288.18604851462726, 2.8931812027303465)","(228.0496855803007, 48.861685375302585)","(164.4111063254046, 100.18952881447902)",15.030651935448002,15.949888471374742,11.141280471810106,18.85476163127695,18.71426263208486,19.624609372412838,19.064544545258215,0.40015784398600907,15.030651935448002,15.949888471374742,11.141280471810106,19.064544545258215,18.9,18.7,19.6,19.1,14.040606959544283,2.5526103333849055,0.1818019933710726,4.1106664e-06
sample,1.1801444235588,193.0280002299696,207.8269996214658,227.892051169107,109.66192771056802,238.09955279532764,61.493887539137006,250.50687104189035,7.193458399650041,49.23772114350835,55.69989363368599,104.93761477719434,0.9059883501209126,0.1698818479401958,2.8212600105761414,0.8807167343910791,1.0506904021123926,11.189622790297811,"(227.892051169107, 109.66192771056802)","(238.09955279532764, 61.493887539137006)","(250.50687104189035, 7.193458399650041)",4.6550527203071,2.211271384214858,6.361764030488206,20.29392973247047,20.385175951125856,20.00860976691003,20.22923848350212,0.16039376763355578,4.6550527203071,2.211271384214858,6.361764030488206,20.22923848350212,20.3,20.4,20.0,20.2,4.409362711670055,2.086125592324282,0.4731127214377331,0.0001240665
sample,1.1801444235588,193.0280002299696,207.8269996214658,480.6510676486518,66.60524008234071,434.1576294178736,50.08229872956457,386.89008791741713,32.307649412148834,49.342146178155495,50.49909541620013,99.84124159435564,1.0441330261122197,0.1706952941612431,2.7904791475748074,0.9202223155659652,0.9505695686889803,11.189622790297811,"(480.6510676486518, 66.60524008234071)","(434.15762941787364, 50.08229872956457)","(386.89008791741713, 32.307649412148834)",8.511022141820938,5.591156113042289,3.6084950645509877,19.730536174845717,20.075725838650172,21.01601121736694,20.274091076954278,0.543214565993843,8.511022141820938,5.591156113042289,3.6084950645509877,20.274091076954278,19.7,20.1,21.0,20.3,5.903557773138071,2.466148623616227,0.41773939010769284,5.6823537e-05
sample,1.1801444235588,193.0280002299696,207.8269996214658,118.11536582942252,460.5504729397952,157.5146220571823,325.6362546110531,197.850219824918,179.1252259433961,140.54944930008142,151.96197540350542,292.51142470358684,0.886854469748002,0.1740171137180201,2.4320741536856136,2.3520541464894222,1.004209038050736,11.674979673660028,"(118.11536582942253, 460.5504729397952)","(157.5146220571823, 325.6362546110531)","(197.85021982491796, 179.1252259433961)",6.915067020191015,37.611467895862525,4.778309871167976,20.0936284234253,17.80813366031517,19.989169035885865,19.296977039875447,1.0536346291311878,6.915067020191015,37.611467895862525,4.778309871167976,19.296977039875447,20.1,17.8,20.0,19.3,16.434948262407172,18.370497288262648,1.1177703145122029,1.2610698e-05
sample,1.1801444235588,193.0280002299696,207.8269996214658,427.3904003060088,274.475704749456,317.01031389210027,327.6537277156551,198.81989082324804,382.4894056801714,122.52210250944736,130.29170228000868,252.813804789456,0.8340261196071405,0.1744965874505188,2.5057555627623387,1.8965244253275275,0.98769000987825,11.189622790297811,"(427.3904003060088, 274.47570474945593)","(317.01031389210027, 327.6537277156551)","(198.81989082324804, 382.48940568017144)",2.533258354397893,6.316299332869201,4.0876510538244535,20.335163452635435,20.095063845747656,19.76088878598431,20.0637053614558,0.23549290731304695,2.533258354397893,6.316299332869201,4.0876510538244535,20.0637053614558,20.3,20.1,19.8,20.1,4.312402913697182,1.9015085616650473,0.44093944831208126,1.3324154e-05
sample,1.1801444235588,193.0280002299696,207.8269996214658,447.1713596993516,13.71211271618884,360.2946257610645,73.40787500737437,267.4100662029395,140.0142798306997,105.4094442415368,114.2976577528847,219.7071019944215,1.149660594220852,0.1822082303942079,2.423487833318166,2.2932700599832145,1.007108243326834,11.189622790297811,"(447.17135969935157, 13.712112716188841)","(360.2946257610645, 73.40787500737437)","(267.4100662029395, 140.01427983069973)",6.829886999809412,3.120807243197695,6.860716984641028,19.93693033149484,20.596294760038088,19.74822031768906,20.09381513640733,0.36356310451852875,6.829886999809412,3.120807243197695,6.860716984641028,20.09381513640733,19.9,20.6,19.7,20.1,5.6038037425493785,2.1503932974773976,0.3837381529173796,4.3363775e-06
sample,1.1801444235588,193.0280002299696,207.8269996214658,199.6622896572943,145.34715148793543,292.66599060320004,93.2295480910716,391.71616261090696,39.68684652791029,106.61112968854734,112.59554815994318,219.20667784849053,0.8715418949144605,0.1850689967822611,2.7898043817043665,1.7126558700399528,0.9809277436434166,11.189622790297811,"(199.6622896572943, 145.34715148793543)","(292.66599060320004, 93.22954809107159)","(391.71616261090696, 39.68684652791029)",51.75297581140258,4.8221168774492815,3.1905390954915926,17.695621872483052,20.210057403587065,20.723858677944346,19.54317931800482,1.3231526299612313,51.75297581140258,4.8221168774492815,3.1905390954915926,19.54317931800482,17.7,20.2,20.7,19.5,19.92187726144782,27.57860833485518,1.3843378298602624,8.125895e-06
sample,1.1801444235588,193.0280002299696,207.8269996214658,381.1363007982416,1.06780018312611,262.66634711073897,38.26902714321437,138.00594779964393,78.96586599661615,124.1735125300682,131.13522733827634,255.30873986834456,0.646854398760072,0.1861543985363315,2.963080218790401,1.4804510457773716,0.9808638997264244,11.189622790297811,"(381.13630079824156, 1.06780018312611)","(262.66634711073897, 38.26902714321437)","(138.00594779964393, 78.96586599661615)",16.74575577942247,3.2199633261755483,5.10584701868373,19.18167630841025,20.266747684986402,20.295023391163824,19.91448246152016,0.5183007636606152,16.74575577942247,3.2199633261755483,5.10584701868373,19.91448246152016,19.2,20.3,20.3,19.9,8.357188708093917,7.325652357165903,0.8765689770856827,1.7615925e-05
sample,1.1801444235588,193.0280002299696,207.8269996214658,112.66588045897724,311.45212162726654,157.59256035341554,200.31203431797263,208.2031438032446,81.69752182542965,119.87712698198436,128.96058983649132,248.83771681847568,1.096763921956502,0.1876595920541906,2.4718972760751563,2.468431111511734,0.999169177750347,11.189622790297811,"(112.66588045897723, 311.45212162726654)","(157.59256035341554, 200.31203431797263)","(208.2031438032446, 81.69752182542965)",10.555888367953763,3.8111721489089065,5.993955118860891,19.572971208642937,20.26055921624565,19.9809724640343,19.93816762964096,0.28233373565734565,10.555888367953763,3.8111721489089065,5.993955118860891,19.93816762964096,19.6,20.3,20.0,19.9,6.787005211907854,3.441583292094357,0.5070842270838503,8.664273e-06
sample,1.1801444235588,193.0280002299696,207.8269996214658,39.28555989751854,378.9917352174064,97.4903886376354,258.1567094823508,157.89639305886124,130.67058891267766,134.1227256398329,141.07301764704115,275.19574328687406,0.3668520225539469,0.1948689889842675,3.455609034408507,0.9032527122534332,0.9769220887285652,11.189622790297811,"(39.28555989751854, 378.9917352174064)","(97.49038863763539, 258.1567094823508)","(157.89639305886124, 130.67058891267766)",9.830553237661585,26.936046393299073,188.02108832497092,19.765807632204353,18.380984215330304,16.547815477951758,18.23153577516214,1.3179831823432189,9.830553237661585,26.936046393299073,188.02108832497092,18.23153577516214,19.8,18.4,16.5,18.2,74.92922931864386,98.31315224401366,1.312080120641938,4.3335524e-05
sample,1.1801444235588,193.0280002299696,207.8269996214658,503.7178935047193,9.35327463102098,453.9421983914016,119.69446481891598,400.9570575399067,241.51403636298744,121.04874256304844,132.8436417832404,253.89238434628885,0.7739542624681903,0.2001344577750395,3.079153689615815,1.7944040027707615,1.0192925126889674,11.189622790297811,"(503.7178935047193, 9.35327463102098)","(453.9421983914016, 119.69446481891598)","(400.9570575399067, 241.51403636298744)",2.2611362158252106,4.867717740650773,82.85114676712178,20.325265239159783,20.427787724309677,17.299514951744865,19.35085597173811,1.4511208771659971,2.2611362158252106,4.867717740650773,82.85114676712178,19.35085597173811,20.3,20.4,17.3,19.4,29.993333574532585,45.79475819827398,1.5268312234942243,1.8491992e-05
sample,1.1801444235588,193.0280002299696,207.8269996214658,344.99600200732266,199.2451684419006,292.1518756013453,132.05565178922876,238.18626450853685,61.46155914558975,85.4805992236284,88.85838788093636,174.33898710456475,0.7887424773525463,0.2046361794063624,3.411086536215012,1.22319954391439,0.9654931912739584,11.189622790297811,"(344.99600200732266, 199.2451684419006)","(292.1518756013453, 132.05565178922876)","(238.18626450853685, 61.461559145589746)",6.366454284149731,39.60770215959504,4.5480790209961235,19.704621307019174,17.863951369010003,20.17349112065977,19.247354598896315,0.9967658026105403,6.366454284149731,39.60770215959504,4.5480790209961235,19.247354598896315,19.7,17.9,20.2,19.2,16.840745154913634,19.737714421613543,1.1720214420473347,4.0345225e-05
sample,1.1801444235588,193.0280002299696,207.8269996214658,213.0419312980808,169.51037680033144,187.6200736986709,244.3961409498688,157.5397098999229,325.5547164802633,79.08317467113223,86.55369817857455,165.63687284970678,1.585490801206565,0.2058957914696212,2.7611105046601767,2.394811281265113,1.0165292442544556,11.189622790297811,"(213.04193129808078, 169.51037680033144)","(187.62007369867092, 244.39614094986882)","(157.5397098999229, 325.5547164802633)",13.657105068313042,97.45556609648173,60.41819997248781,19.171602365156005,16.771105122881586,17.840225761815002,17.92764441661753,0.9819464576195538,13.657105068313042,97.45556609648173,60.41819997248781,17.92764441661753,19.2,16.8,17.8,17.9,57.176957045760865,41.993151339890176,0.7344418715092075,1.5504944e-05
sample,1.1801444235588,193.0280002299696,207.8269996214658,354.4892622281643,234.21820123051705,322.4864110079984,124.67669589379965,288.1298030452814,3.1594357677586515,114.1206549124836,126.28072307064028,240.4013779831239,0.4986643084730718,0.206821326313208,3.578859644444628,1.0990494410726726,1.0277586680160915,11.189622790297811,"(354.4892622281643, 234.21820123051705)","(322.4864110079984, 124.67669589379963)","(288.1298030452814, 3.1594357677586515)",3.5199106481641294,7.2045856887835615,19.525358463605738,20.16968190297744,19.823237890367743,18.767982428405475,19.586967407250217,0.596130947666295,3.5199106481641294,7.2045856887835615,19.525358463605738,19.586967407250217,20.2,19.8,18.8,19.6,10.08328493351781,8.382050581416893,0.8312817337487063,5.4122294e-05
sample,1.1801444235588,193.0280002299696,207.8269996214658,74.89289086510874,494.880917651577,57.78614023621614,381.7107191036025,36.61470140400715,258.95758056586067,114.45582010744184,124.56549619815276,239.0213163055946,1.189900279589523,0.2127019075472505,2.8985354422814877,2.5867501192198787,1.0108302367587136,11.189622790297811,"(74.89289086510874, 494.880917651577)","(57.78614023621614, 381.7107191036025)","(36.61470140400715, 258.95758056586067)",7.896168660548363,1422.7362095730475,5.792628406127419,20.06241945665213,14.190547648102703,20.6419086770999,18.29829192728491,2.9142322301101777,7.896168660548363,1422.7362095730475,5.792628406127419,18.29829192728491,20.1,14.2,20.6,18.3,478.8083355465744,817.4661948628234,1.7072931571453547,1.2819331e-05
sample,1.1801444235588,193.0280002299696,207.8269996214658,249.2612192803726,135.9034288728891,357.1768233499289,153.2865866538593,469.3960335184192,170.95282804494198,109.30668678601208,113.60126414669782,222.90795093270987,0.2042283865012728,0.2146985328030933,4.106442124840024,0.404926051267914,0.9652832657779388,11.189622790297811,"(249.2612192803726, 135.9034288728891)","(357.1768233499289, 153.2865866538593)","(469.39603351841924, 170.95282804494198)",10.442062868613897,9.192245383723849,4.647270895690118,19.398482253934343,19.34147018433481,20.331413017993714,19.690455152087623,0.4538228974832762,10.442062868613897,9.192245383723849,4.647270895690118,19.690455152087623,19.4,19.3,20.3,19.7,8.09385971600929,3.049547803961439,0.3767729996517695,6.0686925e-05
sample,1.1801444235588,193.0280002299696,207.8269996214658,423.89617801443137,506.3415744976878,425.0381624227098,490.0073090923584,428.1908511371731,473.2407717746222,16.374136762605037,17.06036985992225,33.43450662252729,6.650004451667018,0.2150441510407836,2.090686860629235,1.975660181282862,0.9677170043715736,11.189622790297811,"(423.89617801443137, 506.3415744976878)","(425.0381624227098, 490.00730909235835)","(428.1908511371731, 473.2407717746222)",18.20296609487644,7.361843590458653,11.075975150428992,18.83919571883959,19.987973581043327,19.581227660654797,19.46946565351257,0.47559836266377187,18.20296609487644,7.361843590458653,11.075975150428992,19.46946565351257,18.8,20.0,19.6,19.5,12.213594945254693,5.509366423385988,0.4510847500740577,0.00032633278
sample,1.1801444235588,193.0280002299696,207.8269996214658,29.08189458125048,352.3370182737687,39.146301947366965,379.1510412109869,52.44487483331616,407.9175201038431,28.640602677122597,31.69167633142884,60.33227900855143,4.237639146310242,0.2172126534346605,2.4647174239295837,2.3418039447608123,1.0277356059572986,11.189622790297811,"(29.08189458125048, 352.3370182737687)","(39.146301947366965, 379.1510412109869)","(52.44487483331616, 407.9175201038431)",6.686882911399949,9.942408176145667,7.913266910666886,20.089465285635377,19.357184207706172,20.460690300955026,19.969113264765525,0.4584720137986831,6.686882911399949,9.942408176145667,7.913266910666886,19.969113264765525,20.1,19.4,20.5,20.0,8.180852666070834,1.64417541330624,0.20097848970257987,0.00030082278
sample,1.1801444235588,193.0280002299696,207.8269996214658,57.80740403340428,381.7304592233462,29.22061268754049,351.8907131519711,1.4236822708293744,319.92226840737595,41.3232995422207,42.36331903875939,83.6866185809801,2.7641482828380477,0.2224954851398769,2.985781399288307,2.042961605254192,0.9521674494333736,11.189622790297811,"(57.80740403340428, 381.7304592233462)","(29.220612687540495, 351.8907131519711)","(1.4236822708293744, 319.92226840737595)",1468.0827545076284,6.547148059546338,3.2208901698793593,14.209709276138863,20.0520242754913,20.833476991772116,18.36507018113409,2.9555524328533176,1468.0827545076284,6.547148059546338,3.2208901698793593,18.36507018113409,14.2,20.1,20.8,18.4,492.61693091235134,844.7798208703238,1.714881823703763,4.8541206e-06
sample,1.1801444235588,193.0280002299696,207.8269996214658,400.8946573230671,241.5071787194321,403.1745042274478,346.8328007257722,408.5909568014707,460.1829590022495,105.35029355882143,113.47949744244156,218.829791001263,1.4957918113799125,0.2267654898001092,2.962246204533859,2.962215086708566,1.0004606168886894,11.189622790297811,"(400.8946573230671, 241.50717871943206)","(403.1745042274478, 346.8328007257722)","(408.5909568014707, 460.1829590022495)",70.22674634788169,4.2618237956421705,7.025186302066342,17.260148719064993,20.322455364076344,20.279218726980826,19.287274270040722,1.4335029011157292,70.22674634788169,4.2618237956421705,7.025186302066342,19.287274270040722,17.3,20.3,20.3,19.3,27.17125214853007,37.31274217540542,1.3732433813295568,1.8391707e-06
sample,1.1801444235588,193.0280002299696,207.8269996214658,2.1967266722812724,241.61865478135056,112.31695828259237,146.98912209984567,228.2691535461339,48.66379257191795,145.19371152163774,152.02888545671195,297.22259697834966,0.3760990233725952,0.2271312216032291,4.4140463205950455,0.9979357156001072,0.9725157605312356,12.060763234576378,"(2.1967266722812724, 241.61865478135056)","(112.31695828259237, 146.98912209984567)","(228.2691535461339, 48.66379257191795)",7.307161628563818,7.2868210895963035,18.78133427988055,19.706715143196405,19.518111435939588,18.901839982078783,19.375555520404927,0.34370301912792256,7.307161628563818,7.2868210895963035,18.78133427988055,19.375555520404927,19.7,19.5,18.9,19.4,11.125105666013559,6.630496276692126,0.5959940045286798,5.492231e-05
sample,1.1801444235588,193.0280002299696,207.8269996214658,161.4601994625374,249.82980434869916,119.74003586908056,202.6175423194857,77.86548176303504,155.3735159623363,63.00452155345603,63.130628921428965,126.135150474885,0.0859097025600782,0.2378467959159153,4.705323207815842,0.0946584821246077,0.930650771181028,11.189622790297811,"(161.4601994625374, 249.82980434869913)","(119.74003586908057, 202.61754231948572)","(77.86548176303504, 155.3735159623363)",27.910441674474217,30.542161021784203,5.504500126092318,18.46890004797965,18.339532566815194,20.168171429567547,18.992201348120798,0.8332119420808115,27.910441674474217,30.542161021784203,5.504500126092318,18.992201348120798,18.5,18.3,20.2,19.0,21.319034274116913,13.758855490920327,0.6453789282390116,3.8904094e-05
sample,1.1801444235588,193.0280002299696,207.8269996214658,510.3438418519792,132.53219454489658,507.660007547984,242.8424797864274,507.83416290613246,360.3839787817772,110.34292907404256,117.54162801391938,227.88455708796195,1.4786158275435648,0.2452855658324911,3.299953498067669,3.0330265581027787,0.9893854904324204,11.189622790297811,"(510.34384185197916, 132.53219454489658)","(507.66000754798404, 242.8424797864274)","(507.83416290613246, 360.3839787817772)",21.46532412671151,66.55664874400053,182.90924503164075,18.975233229778464,17.145376790943022,16.55181327146833,17.55747443072994,1.03137753259817,21.46532412671151,66.55664874400053,182.90924503164075,17.55747443072994,19.0,17.1,16.6,17.6,90.31040596745093,83.30195457468108,0.92239597067811,2.066575e-05
sample,1.1801444235588,193.0280002299696,207.8269996214658,338.65867284873235,275.8151290203661,204.51784646466115,290.23195992993334,56.59978557129224,304.04911159456327,134.91332890591866,148.56199520260145,283.4753241085201,0.7977747368431266,0.2460037996949143,3.8868810795171,2.068480053574774,1.0227540516450042,11.206805722301024,"(338.65867284873235, 275.8151290203661)","(204.51784646466115, 290.23195992993334)","(56.599785571292244, 304.04911159456327)",1.1958039110422625,7.908733776479508,41.368948579915376,20.543496964655873,19.7157577130083,18.453619470640767,19.57095804943498,0.8593106508226714,1.1958039110422625,7.908733776479508,41.368948579915376,19.57095804943498,20.5,19.7,18.5,19.6,16.82449542247905,21.519490989397482,1.27905713954699,2.2990542e-05
sample,1.1801444235588,193.0280002299696,207.8269996214658,417.3897914729434,325.06483291390015,406.0515485040984,358.4234239515105,396.7058493398636,394.58836445037423,35.23281637387367,37.35297865170508,72.58579502557875,4.283048458618612,0.2471260297261848,2.8726169097840564,2.789658507759256,0.984682507407707,11.189622790297811,"(417.38979147294344, 325.06483291390015)","(406.0515485040984, 358.4234239515105)","(396.70584933986356, 394.58836445037423)",6.0289341766248015,5.4456626391218075,20.638792712638,20.164330866166196,20.158365020391344,18.963544313249386,19.76208006660231,0.5646552989013988,6.0289341766248015,5.4456626391218075,20.638792712638,19.76208006660231,20.2,20.2,19.0,19.8,10.704463176128202,8.608323235485148,0.8041807509490423,0.00010734209
sample,1.1801444235588,193.0280002299696,207.8269996214658,388.17636353974456,313.9295353407318,261.19533003328905,261.27635751567345,119.8099258565691,202.58319457074305,137.4646863941601,153.08402885570595,290.54871524986606,0.0232183642666381,0.2479930661122598,5.080616858749848,0.0620352961125689,1.0343251418678128,11.418738582684291,"(388.17636353974456, 313.9295353407318)","(261.19533003328905, 261.27635751567345)","(119.8099258565691, 202.58319457074302)",31.152651457397585,11.061833634520465,34.57832816438072,18.184180806240434,19.19285704903942,18.30863572560062,18.561891193626824,0.44904393976584633,31.152651457397585,11.061833634520465,34.57832816438072,18.561891193626824,18.2,19.2,18.3,18.6,25.597604418766256,12.704341362081383,0.4963097778309093,1.3220125e-05
sample,1.1801444235588,193.0280002299696,207.8269996214658,56.64616407679432,304.0053496973927,138.96611909641427,212.19991157021408,227.85958168873333,109.58596898748856,123.30779968905242,135.76328260624416,259.0710822952966,0.9798273979650908,0.2485390765085377,3.7791081347275486,2.321603812475061,1.022610212475761,11.189622790297811,"(56.64616407679432, 304.0053496973927)","(138.96611909641427, 212.19991157021408)","(227.85958168873333, 109.58596898748857)",26.735024563829217,5.055536936414911,6.922099194827187,18.599576499167146,20.019160639471615,19.863333186225205,19.494023441621323,0.635660836424338,26.735024563829217,5.055536936414911,6.922099194827187,19.494023441621323,18.6,20.0,19.9,19.5,12.904220231690438,12.01413230414764,0.9310235014931858,6.8593067e-06
sample,1.1801444235588,193.0280002299696,207.8269996214658,292.1467622578712,132.05212831178486,299.5576968289608,213.9141487398891,305.9957500777616,305.7481177472301,82.19679032534255,92.05936341989153,174.25615374523406,1.1626821843601636,0.2521517008855831,4.0042061371431,1.867998598711285,1.040234975512583,11.189622790297811,"(292.1467622578712, 132.05212831178486)","(299.55769682896073, 213.9141487398891)","(305.9957500777616, 305.7481177472301)",36.64798437655788,4.333870230627598,3.437718152256302,17.881843272849316,19.830556762259,20.68496713402061,19.46578905637631,1.1730778475753876,36.64798437655788,4.333870230627598,3.437718152256302,19.46578905637631,17.9,19.8,20.7,19.5,14.80652425314726,18.920565725654043,1.2778532896829118,5.7564016e-06
sample,1.1801444235588,193.0280002299696,207.8269996214658,445.7541621868327,332.1710328370626,417.763888131877,324.73025368269026,388.3275949934337,313.95464276865613,28.96240038559763,31.34659701312122,60.30899739871885,5.2190432914964,0.256322291447622,2.8515984135443864,2.8513985418118075,1.0052502534269898,11.189622790297811,"(445.7541621868327, 332.1710328370626)","(417.763888131877, 324.73025368269026)","(388.32759499343365, 313.95464276865613)",2.4394637785770112,6.316945879810228,38.5038960986642,20.629212479009826,19.638845985992845,18.1940181515806,19.487358872194424,0.9999180340811614,2.4394637785770112,6.316945879810228,38.5038960986642,19.487358872194424,20.6,19.6,18.2,19.5,15.75343525235048,19.79763416171453,1.2567185407234043,5.3308566e-05
sample,1.1801444235588,193.0280002299696,207.8269996214658,405.8484422690576,358.75232173767256,381.99937540308656,430.75134704577937,359.70752048851693,507.6024990865234,75.84614450118715,80.01891254898291,155.8650570501701,2.151402746749727,0.2592653090349319,3.450907737653821,3.003929060419175,0.979890347315462,11.189622790297811,"(405.8484422690576, 358.75232173767256)","(381.99937540308656, 430.75134704577937)","(359.70752048851693, 507.6024990865234)",5.942023966240633,2.9211506545469885,17.462202027904333,20.242316467574433,20.601388977783667,19.279608037387305,20.04110449424847,0.5580566920161841,5.942023966240633,2.9211506545469885,17.462202027904333,20.04110449424847,20.2,20.6,19.3,20.0,8.775125549563985,7.673355993092353,0.8744440121969109,1.6253121e-05
sample,1.1801444235588,193.0280002299696,207.8269996214658,501.7618274055668,266.5207647089036,466.5508701158001,373.7837326635696,427.203318198681,494.2883432381242,112.89444542450026,126.76589056838382,239.6603359928841,0.0902705607106902,0.2640310613836338,5.21976053298967,0.1997219233889779,1.0429132399457224,11.189622790297811,"(501.76182740556675, 266.5207647089036)","(466.5508701158001, 373.78373266356954)","(427.203318198681, 494.28834323812424)",411.0398137390122,5.131923062112679,4.719959569370674,15.56839424903914,20.03036002704959,20.42357784787032,18.674110707986348,2.2019326520406945,411.0398137390122,5.131923062112679,4.719959569370674,18.674110707986348,15.6,20.0,20.4,18.7,140.2972321234985,234.47004404263384,1.6712378462052513,9.872069e-06
sample,1.1801444235588,193.0280002299696,207.8269996214658,431.91584815176896,389.6018621627272,388.48110566056687,313.90419916634187,338.0475948754854,231.57698542385577,87.27378207910647,96.54692710133202,183.82070918043848,1.6446890536430736,0.2645546213042634,3.760563276860543,2.771022046362333,1.027479113511174,11.189622790297811,"(431.91584815176896, 389.60186216272723)","(388.48110566056687, 313.90419916634187)","(338.0475948754854, 231.57698542385577)",8.672520747359142,28.674229640876984,8.028772948179496,19.64825255966387,18.19845308523988,19.53879118603028,19.128498943644676,0.6591582622968858,8.672520747359142,28.674229640876984,8.028772948179496,19.128498943644676,19.6,18.2,19.5,19.1,15.125174445471872,11.738239873308851,0.7760730241906737,2.5032628e-05
sample,1.1801444235588,193.0280002299696,207.8269996214658,235.90334349143083,141.77178486958172,282.9471962831776,137.5012925548131,334.4645357765876,136.13534388988614,47.23728601541408,51.53544493098395,98.77273094639804,3.668109140606042,0.2754781395264587,3.3461565213574818,3.297075840030404,1.0133032507919857,11.189622790297811,"(235.90334349143083, 141.77178486958172)","(282.94719628317756, 137.5012925548131)","(334.4645357765876, 136.13534388988614)",2.8678761277779024,3308.660781485352,16.730698613599127,20.519707285187383,13.258453459420217,19.068185919783225,17.615448888130278,3.1373327783226364,2.8678761277779024,3308.660781485352,16.730698613599127,17.615448888130278,20.5,13.3,19.1,17.6,1109.4197854089095,1904.6111843573992,1.7167633112432714,2.8010276e-05
sample,1.1801444235588,193.0280002299696,207.8269996214658,158.28130442755702,208.36562393762097,157.88488979714046,130.69357297056064,154.43874507518436,44.56210985621789,77.67306255059617,86.2003761689127,163.87343871950887,1.998780839247583,0.2814936020681916,3.92285887884474,3.006516657094762,1.030758857564387,11.189622790297811,"(158.28130442755702, 208.36562393762097)","(157.88488979714046, 130.69357297056064)","(154.43874507518436, 44.56210985621789)",8.858686663722127,154.42106120093976,2.6004886763711426,19.609979543592285,16.564440371650218,20.7177054718114,18.964041795684633,1.7560048270023298,8.858686663722127,154.42106120093976,2.6004886763711426,18.964041795684633,19.6,16.6,20.7,19.0,55.29341218034434,85.9040706880354,1.553604078689369,1.0194788e-05
sample,1.1801444235588,193.0280002299696,207.8269996214658,396.5965477903751,394.3352854822113,445.4728288229951,332.3486183623762,501.7539338053691,266.5042195046075,78.9381894155477,86.6201341431537,165.5583235587014,2.266809080233603,0.2852443650460073,3.765419308134373,3.426082846402494,1.019177986629446,11.189622790297811,"(396.5965477903751, 394.33528548221125)","(445.4728288229951, 332.3486183623762)","(501.7539338053691, 266.5042195046075)",16.856231042301864,4.520920952852819,520.3793666421759,18.952815697173342,20.724551531885144,15.547111494638205,18.408159574565563,2.148481487584894,16.856231042301864,4.520920952852819,520.3793666421759,18.408159574565563,19.0,20.7,15.5,18.4,180.58550621244353,294.3347425263556,1.6298912836343342,7.4055715e-06
sample,1.1801444235588,193.0280002299696,207.8269996214658,501.69471409005854,451.38804583110095,360.03783337788,478.2992325221144,213.5538676492487,506.9251612112439,144.1904428948845,149.2548022976211,293.4452451925056,0.3008483056775392,0.2988482651556868,6.043467511371825,0.78370254199519,0.961413422986332,11.977425015302702,"(501.69471409005854, 451.38804583110095)","(360.03783337788, 478.2992325221144)","(213.5538676492487, 506.92516121124385)",2.310527135126483,4.159686069283388,10.345771370986505,21.906977030929482,20.327032222193225,19.772756068797218,20.66892177397331,0.9042090938175315,2.310527135126483,4.159686069283388,10.345771370986505,20.66892177397331,21.9,20.3,19.8,20.7,5.605328191798791,4.208170426952021,0.7507446991434035,0.00012284257
sample,1.1801444235588,193.0280002299696,207.8269996214658,138.91433701249838,212.88640681831689,78.03406210119238,120.3844858567671,9.13800589283045,15.7089455797518,110.738490394501,125.31414642150668,236.0526368160077,0.0014115436689354,0.3016957016770762,6.085599111978816,0.0030872499073382,1.0510414532946764,11.189622790297811,"(138.91433701249838, 212.88640681831686)","(78.03406210119238, 120.3844858567671)","(9.13800589283045, 15.708945579751799)",7.75878277471465,11.682522588166465,1.4395956196727582,19.875452279875585,19.12830356854287,19.805954243778466,19.603236697398973,0.33702482788772503,7.75878277471465,11.682522588166465,1.4395956196727582,19.603236697398973,19.9,19.1,19.8,19.6,6.960300327517959,5.167936617677778,0.7424875902618793,3.350273e-05
sample,1.1801444235588,193.0280002299696,207.8269996214658,486.4146439457433,469.06517069952224,428.2598342565403,473.2600326854848,359.6252297019996,478.7357790372967,58.30590670822888,68.85268869454231,127.1585954027712,0.4357083551672732,0.3203656428699615,6.097138469878681,0.5235883489699162,1.096798112317627,11.189622790297811,"(486.41464394574325, 469.06517069952224)","(428.2598342565403, 473.26003268548476)","(359.6252297019996, 478.73577903729665)",3.3916465490485845,8.186199325572804,4.308136320055009,20.806657795517253,19.611400373310275,20.353625352249203,20.25722784035891,0.4926996627826443,3.3916465490485845,8.186199325572804,4.308136320055009,20.25722784035891,20.8,19.6,20.4,20.3,5.295327398225466,2.5451608495994,0.4806427739392123,8.637271e-06
sample,1.1801444235588,193.0280002299696,207.8269996214658,148.0272125651561,141.29935979969554,281.5969507321655,82.40192953635213,430.1276143139275,20.91204629291704,145.97870476760934,160.755602593906,306.73430736151533,1.306070131594358,0.3209237624298666,5.097142383542608,3.664142632179505,1.022809976300472,12.125970037138169,"(148.0272125651561, 141.29935979969554)","(281.5969507321655, 82.40192953635213)","(430.1276143139275, 20.91204629291704)",6.590453105676154,7.0221060598045115,9.301059544309476,20.172071472719175,19.50390250318224,19.904184375277165,19.860052783726193,0.2745579975070586,6.590453105676154,7.0221060598045115,9.301059544309476,19.860052783726193,20.2,19.5,19.9,19.9,7.637872903263381,1.4564420415579808,0.19068686530980333,3.3874046e-05
sample,1.1801444235588,193.0280002299696,207.8269996214658,227.9776687496916,48.960620383034325,133.09617165686183,135.10453501059015,25.796865365547006,228.4227079755549,128.1533164531308,142.20204828382913,270.3553647369599,1.2231663141690086,0.3359215917887128,5.174935912976705,3.0355384834209644,1.030609985454393,11.189622790297811,"(227.97766874969156, 48.960620383034325)","(133.09617165686183, 135.10453501059015)","(25.796865365547006, 228.4227079755549)",17.541941824836865,3.9864805442734315,5.097205484071962,18.80198187479646,21.169949938661247,20.079649206995093,20.017193673484268,0.9677271337591253,17.541941824836865,3.9864805442734315,5.097205484071962,20.017193673484268,18.8,21.2,20.1,20.0,8.875209284394087,7.526128963062613,0.8479945342017277,5.434747e-06
sample,1.1801444235588,193.0280002299696,207.8269996214658,131.10912489056727,165.6506947195518,194.1743430457581,274.87600331352024,259.45578899901693,396.2698736341255,126.12450110271774,137.83373657114635,263.9582376738641,1.731722228772066,0.3377420869751665,4.610492290889681,4.165287713121657,1.015019561287865,11.189622790297811,"(131.10912489056727, 165.6506947195518)","(194.17434304575812, 274.87600331352024)","(259.45578899901693, 396.2698736341255)",5.233043641976166,12.752471093063294,10.7363668536494,20.417347102765547,19.138974528609914,19.53974569918232,19.698689110185928,0.5338578871537635,5.233043641976166,12.752471093063294,10.7363668536494,19.698689110185928,20.4,19.1,19.5,19.7,9.573960529562953,3.8921509021038467,0.4065350896408512,1.3789197e-05
sample,1.1801444235588,193.0280002299696,207.8269996214658,170.64824402783,217.50961163164976,142.1146027034376,265.171700659094,112.46941565948674,310.93495036640195,55.55036829481053,54.52625183014376,110.0766201249543,2.0274535802656946,0.3460187783676785,5.656277941687459,1.929049157125064,0.9116687030377072,11.189622790297811,"(170.64824402783, 217.50961163164976)","(142.1146027034376, 265.171700659094)","(112.46941565948674, 310.93495036640195)",98.57911790516435,26.39778081414734,15.122154348939857,17.012849201589937,18.359867590576282,19.14801478715657,18.173577193107594,0.8815747665735469,98.57911790516435,26.39778081414734,15.122154348939857,18.173577193107594,17.0,18.4,19.1,18.2,46.69968435608385,45.28125061298348,0.969626481149533,1.2570521e-05
sample,1.1801444235588,193.0280002299696,207.8269996214658,282.9721035424269,137.4727458218249,377.4391447877589,222.3983093227643,478.4986090567969,308.6286678359492,127.02902509898809,132.84837239370816,259.8773974926962,1.4825205133593362,0.3509587003083386,5.246683556370979,3.4370500406980256,0.9713407673616142,11.189622790297811,"(282.9721035424269, 137.4727458218249)","(377.4391447877589, 222.3983093227643)","(478.4986090567969, 308.62866783594916)",3721.370953431642,6.6274185036946776,6624.835054325882,13.23289685963451,19.661713351260882,12.264887916610974,15.053166042502122,3.2826098916608104,3721.370953431642,6.6274185036946776,6624.835054325882,15.053166042502122,13.2,19.7,12.3,15.1,3450.9444754204064,3317.380885234758,0.9612965113936301,6.2637496e-06
sample,1.1801444235588,193.0280002299696,207.8269996214658,187.5663765468753,244.4425283153329,153.5388469728208,268.1396194083277,122.28508884809996,293.02148196131,41.465948622729535,39.94877321050119,81.41472183323071,3.670417928191599,0.3657852684563185,5.41956119900528,2.557403462876501,0.8948086741727199,11.189622790297811,"(187.5663765468753, 244.4425283153329)","(153.5388469728208, 268.1396194083277)","(122.28508884809995, 293.02148196131)",111.24996014343577,31.553819887697728,26.496260286063155,16.786773023787372,18.115909870960284,18.676643231479176,17.859775375408944,0.7925090999850916,111.24996014343577,31.553819887697728,26.496260286063155,17.859775375408944,16.8,18.1,18.7,17.9,56.433346772398885,47.53988381752028,0.8424076638455132,8.847452e-06
sample,1.1801444235588,193.0280002299696,207.8269996214658,292.6783926823572,43.02799461422961,188.01331205627497,71.22342500118361,69.73291057804059,104.84828236146907,108.39631634502096,122.96700535652585,231.3633217015468,0.7925942129362319,0.366846581328749,6.475825942907357,1.7009948940274384,1.053640404963094,11.189622790297811,"(292.6783926823572, 43.02799461422961)","(188.01331205627497, 71.22342500118361)","(69.73291057804059, 104.84828236146907)",26.409369153959428,3011.3055282750147,6.465400936437316,18.27628361312661,13.202664920467864,20.403794763427232,17.2942477656739,3.020746437339797,26.409369153959428,3011.3055282750147,6.465400936437316,17.2942477656739,18.3,13.2,20.4,17.3,1014.7267661218037,1729.1166836214384,1.7040219508843448,1.711242e-05
sample,1.1801444235588,193.0280002299696,207.8269996214658,278.0646294160099,476.3951114239628,189.6801567771136,368.3093675939235,97.35969887898528,258.26049746539024,139.62214374141618,143.64477283593325,283.26691657734943,0.7196846639536426,0.3770980320080001,6.932119716153799,1.804255436005775,0.9555509940982012,11.597951456170726,"(278.0646294160099, 476.3951114239628)","(189.6801567771136, 368.3093675939235)","(97.35969887898528, 258.26049746539024)",12.168955192618656,27.240611864991582,33.263360140931844,19.534793508187732,17.68098610707741,18.430773512361363,18.548851042542168,0.761405366171902,12.168955192618656,27.240611864991582,33.263360140931844,18.548851042542168,19.5,17.7,18.4,18.5,24.224309066180695,10.865865909417472,0.44855214981496394,2.4892033e-05
sample,1.1801444235588,193.0280002299696,207.8269996214658,379.9690463055487,414.62244854896176,408.2222884680164,460.7743231451008,433.6637712231686,509.9528470755898,54.11322593810855,55.36963301993605,109.4828589580446,4.120281511253316,0.3785981818285269,5.004100091230803,3.9783365418174768,0.9503565312604946,11.189622790297811,"(379.9690463055487, 414.62244854896176)","(408.2222884680164, 460.77432314510077)","(433.6637712231686, 509.95284707558983)",5.252664490446227,3.6212150991206538,8.503879401877656,20.268254877544134,20.587033982249046,19.769401899263762,20.20823025301898,0.33648454391819427,5.252664490446227,3.6212150991206538,8.503879401877656,20.20823025301898,20.3,20.6,19.8,20.2,5.792586330481512,2.485707015793434,0.4291186827399097,7.68184e-05
sample,1.1801444235588,193.0280002299696,207.8269996214658,198.45669343137683,381.39849998720194,215.7566719791704,354.0103604074557,238.75194571317436,318.62636803312665,32.39443543872589,42.19963898481062,74.59407442353651,0.7400047985004865,0.3898039807947264,7.338346295789784,0.5450151376640591,1.209920022208856,11.189622790297811,"(198.45669343137683, 381.39849998720194)","(215.75667197917042, 354.0103604074557)","(238.75194571317434, 318.62636803312665)",4.550325866541922,5.443893368306517,61.334376370177246,19.79129716118099,19.755021073935474,17.70806546173854,19.084794565618335,0.9736071273803444,4.550325866541922,5.443893368306517,61.334376370177246,19.084794565618335,19.8,19.8,17.7,19.1,23.77619853500856,32.529404504904015,1.3681499360382214,2.1917445e-05
sample,1.1801444235588,193.0280002299696,207.8269996214658,159.7588402068761,33.04274042207942,275.0019990813508,33.47714860477683,399.5584122475764,28.73521850730469,115.24397762068354,124.64664440683836,239.89062202752189,2.3962034106947487,0.3977668298959671,5.231511184582941,5.211407494613341,1.0045711360681082,11.189622790297811,"(159.7588402068761, 33.04274042207942)","(275.0019990813508, 33.47714860477683)","(399.55841224757637, 28.735218507304694)",5.767520513215456,2.287316078560378,6.000028465828409,20.02039849201404,20.949177505273614,19.69342066595093,20.220998887746195,0.5319221114363434,5.767520513215456,2.287316078560378,6.000028465828409,20.220998887746195,20.0,20.9,19.7,20.2,4.684955019201414,2.0796680875240092,0.44390353354523865,3.06161e-06
sample,1.1801444235588,193.0280002299696,207.8269996214658,368.6690851269303,367.4087454243319,396.54446316701205,394.2401003237957,427.04101365689536,428.7393981847853,38.69054544224533,46.04607632234568,84.736621764591,4.617390275905234,0.4108124940679811,5.631686009891689,3.706776395878833,1.1053660468559798,11.189622790297811,"(368.6690851269303, 367.40874542433187)","(396.54446316701205, 394.2401003237957)","(427.04101365689536, 428.7393981847853)",4.806845463182822,13.569417219424913,5.559311101577366,20.242422497193193,18.95909306477573,20.351672660833618,19.85106274093418,0.6322928261249022,4.806845463182822,13.569417219424913,5.559311101577366,19.85106274093418,20.2,19.0,20.4,19.9,7.978524594728367,4.8564504928914705,0.6086902954589201,7.765191e-05
sample,1.1801444235588,193.0280002299696,207.8269996214658,382.4518273256049,430.7646227090705,263.34068427510124,350.981014349344,142.04962495400332,265.2354912514126,143.36278653017237,148.53893699152414,291.9017235216965,1.4428653481625655,0.4160266627986698,6.953778415018133,3.740223709548786,0.9623260039972836,11.90867432803278,"(382.4518273256049, 430.7646227090705)","(263.34068427510124, 350.981014349344)","(142.04962495400332, 265.2354912514126)",2.6689597993818666,12.974797457087025,38.08328506816125,20.299938557739537,19.10821367902353,18.337109404287432,19.248420547016835,0.8074313369299566,2.6689597993818666,12.974797457087025,38.08328506816125,19.248420547016835,20.3,19.1,18.3,19.2,17.909014108210048,18.215473615332964,1.0171120255571424,5.1475534e-05
sample,1.1801444235588,193.0280002299696,207.8269996214658,426.645090171364,369.1510607223902,389.9869403761024,227.70275151572844,347.22897429053967,67.44671219451831,146.12133356849446,165.86211684014944,311.9834504086439,0.4098214108097091,0.4215843553704374,8.615832616671025,1.186357314519924,1.0542701742767462,12.13781774169699,"(426.645090171364, 369.1510607223902)","(389.98694037610244, 227.70275151572844)","(347.22897429053967, 67.44671219451831)",7.307779012287429,2.0934513627569493,7.891206295638766,20.486782451421096,20.59512736455506,19.584592545895415,20.222167453957194,0.4529981439203977,7.307779012287429,2.0934513627569493,7.891206295638766,20.222167453957194,20.5,20.6,19.6,20.2,5.764145556894381,3.1922709391427557,0.553815115810971,3.6005633e-05
sample,1.1801444235588,193.0280002299696,207.8269996214658,350.16808184322394,266.3631611894943,417.9559900799605,155.5040953593303,489.46678311276185,43.39258600495444,129.94203700053671,132.9766297132562,262.9186667137929,1.0870575153833144,0.4332726892898091,7.395294423361249,2.5227787062683262,0.9504822142745284,11.189622790297811,"(350.16808184322394, 266.3631611894943)","(417.95599007996054, 155.5040953593303)","(489.46678311276185, 43.39258600495444)",4.319417506335097,10.746003042587995,19.575838644485156,20.2407295913359,19.133364661063965,18.982203188958447,19.452099147119437,0.561050164614578,4.319417506335097,10.746003042587995,19.575838644485156,19.452099147119437,20.2,19.1,19.0,19.5,11.54708639780275,7.659693035145049,0.6633442213269126,6.574692e-05
sample,1.1801444235588,193.0280002299696,207.8269996214658,359.52781524986005,507.8087715787616,431.7104548561096,389.3979490384031,504.089359444524,259.139757321708,138.6775264965812,149.01644989303057,287.69397638961175,2.3072190906207504,0.4404714030430458,6.013323005244317,5.999057688587939,0.99803660346312,11.51948521394952,"(359.52781524986005, 507.8087715787616)","(431.71045485610955, 389.39794903840306)","(504.08935944452395, 259.139757321708)",13.275328242455139,6.837499843056653,4.883612130654126,19.286895248805386,19.708667426714996,20.025399497472705,19.67365405766436,0.3025079429636265,13.275328242455139,6.837499843056653,4.883612130654126,19.67365405766436,19.3,19.7,20.0,19.7,8.332146738721972,4.39097959825671,0.5269925909790472,1.2487936e-06
sample,1.1801444235588,193.0280002299696,207.8269996214658,213.91811875405293,506.2719591510405,206.41024421431135,392.7149841285184,193.9145734790556,275.21258169185614,113.80489776969272,118.1649540494611,231.96985181915383,2.287612713332344,0.4491149881204788,6.490901549858672,4.71664475325742,0.964375305637637,11.189622790297811,"(213.91811875405293, 506.2719591510405)","(206.41024421431138, 392.7149841285184)","(193.9145734790556, 275.21258169185614)",6.2571017206873645,9.404867488157114,13.945604438445928,19.87064490719749,19.39260569912323,19.191062551396136,19.484771052572288,0.2849899224667681,6.2571017206873645,9.404867488157114,13.945604438445928,19.484771052572288,19.9,19.4,19.2,19.5,9.86919121576347,3.8652252073144324,0.39164558906719116,4.626065e-05
sample,1.1801444235588,193.0280002299696,207.8269996214658,132.73104722205778,135.3761437706135,170.73887754562344,252.14571811405057,213.3610291333502,386.30156873213696,122.79954665328546,140.76377396556782,263.56332061885325,0.4043957863798806,0.4522604398753748,8.603526999289123,0.9935078103342648,1.0646637863469917,11.189622790297811,"(132.73104722205778, 135.3761437706135)","(170.73887754562344, 252.14571811405057)","(213.3610291333502, 386.30156873213696)",5.0783567043448,2.8598701827296606,9.487690198231016,20.18055905527786,20.028944216701003,19.609800413655986,19.939767895211617,0.24139272148968627,5.0783567043448,2.8598701827296606,9.487690198231016,19.939767895211617,20.2,20.0,19.6,19.9,5.8086390284351594,3.373719571056434,0.5808106777751191,1.1943665e-05
sample,1.1801444235588,193.0280002299696,207.8269996214658,403.0079356980301,346.1334207372486,442.7816789353869,374.5882989081199,482.86226707460577,398.71964514437775,48.90430188470447,46.78435012650972,95.6886520112142,4.529725494397689,0.4807549838778575,7.0595827010003,3.6948545707014944,0.8885295608247421,11.189622790297811,"(403.0079356980301, 346.1334207372486)","(442.7816789353869, 374.5882989081199)","(482.86226707460577, 398.71964514437775)",5.283946141246923,3.7522749295303393,20.416479341962816,20.259098664496285,20.10658472839157,19.044649309059782,19.803444233982546,0.5401496266424367,5.283946141246923,3.7522749295303393,20.416479341962816,19.803444233982546,20.3,20.1,19.0,19.8,9.817566804246693,9.210820506980763,0.938197894716288,7.266839e-05
sample,1.1801444235588,193.0280002299696,207.8269996214658,193.8529180096649,191.51916676176324,118.07671133727553,266.09615324247244,29.11928121814364,351.34529202205425,106.31914413782944,123.21055164254656,229.529695780376,0.762474018551809,0.4845053813820734,8.881907356547199,1.6395984557809555,1.076353119248736,11.189622790297811,"(193.8529180096649, 191.51916676176324)","(118.07671133727553, 266.09615324247244)","(29.11928121814364, 351.34529202205425)",2.9142340806162457,32.89987166287116,9.133658082250813,20.55625367477196,17.939178657842728,19.65623602105884,19.38388945122451,1.0856334254354856,2.9142340806162457,32.89987166287116,9.133658082250813,19.38388945122451,20.6,17.9,19.7,19.4,14.98258794191274,15.82536257660526,1.0562502711787805,1.910438e-05
sample,1.1801444235588,193.0280002299696,207.8269996214658,112.16141350442037,147.20962432463364,201.34582231273876,99.27783815026912,292.7565282784435,43.019787490158905,101.24877727831708,107.33538759059876,208.58416486891585,3.3542952663802392,0.4965701794669138,6.5497853954751095,6.280200053049555,0.9846264211175908,11.189622790297811,"(112.16141350442035, 147.20962432463364)","(201.34582231273873, 99.27783815026913)","(292.7565282784435, 43.019787490158905)",7.525248959285891,8.246446111104838,33.979451702521445,19.742258660616308,19.31068264657991,18.19810799847733,19.083683101891182,0.65051103593648,7.525248959285891,8.246446111104838,33.979451702521445,19.083683101891182,19.7,19.3,18.2,19.1,16.583715590970723,15.069464405876548,0.908690475497624,1.2650761e-05
sample,1.1801444235588,193.0280002299696,207.8269996214658,20.4580425069756,422.2250610363116,37.05246773719682,400.3712584311161,57.77481013978485,381.74144650849126,27.440182889846987,27.86548702108885,55.30566991093583,10.833019137477535,0.5070080542304233,5.67094442681391,5.237244954133434,0.9431873770992796,11.189622790297811,"(20.458042506975602, 422.22506103631156)","(37.05246773719682, 400.3712584311161)","(57.77481013978485, 381.74144650849126)",13.466486157466166,74.77994502425199,1841.8981256859258,19.15006180320121,17.309481956900914,14.18181997053341,16.88045457687851,2.050838055783415,13.466486157466166,74.77994502425199,1841.8981256859258,16.88045457687851,19.2,17.3,14.2,16.9,643.3815189558813,1038.3984676006255,1.613969996038745,5.3518215e-06
sample,1.1801444235588,193.0280002299696,207.8269996214658,322.5750157091489,124.97727456659712,186.97614907511536,182.80504887484216,45.84287220249877,250.9866231832738,147.41473506362834,156.73968519803412,304.1544202616625,2.6888079449035107,0.5217112174178545,7.660627567522897,7.352866853553536,0.9875439154857094,12.245256342422698,"(322.5750157091489, 124.97727456659712)","(186.97614907511536, 182.80504887484219)","(45.84287220249877, 250.9866231832738)",6.21825844140553,1.9413717289611314,7.502144811893571,19.86090120730591,20.689033700640287,20.1415100354603,20.230481647802165,0.3438874016119095,6.21825844140553,1.9413717289611314,7.502144811893571,20.230481647802165,19.9,20.7,20.1,20.2,5.220591660753411,2.9115380083177795,0.5577026891809425,7.584999e-06
sample,1.1801444235588,193.0280002299696,207.8269996214658,507.3068409308116,242.68599666853905,505.71208325890734,190.0259905582261,510.3809477476778,132.23242366288386,52.68414842787433,57.98184776376915,110.66599619164349,6.353238102178644,0.5264549237825356,6.479299330619574,6.416145591927044,1.0221871811051917,11.189622790297811,"(507.30684093081163, 242.68599666853905)","(505.71208325890734, 190.0259905582261)","(510.3809477476778, 132.23242366288386)",70.44877790315634,7.279509629039333,22.699417654007128,17.205548772659903,19.518166999172255,19.099436595310053,18.60771745571407,1.0061118392382444,70.44877790315634,7.279509629039333,22.699417654007128,18.60771745571407,17.2,19.5,19.1,18.6,33.47590172873427,32.93461052345203,0.983830421965374,3.222981e-06
sample,1.1801444235588,193.0280002299696,207.8269996214658,405.8676832710392,40.91447718485756,347.620268505759,63.66781068219612,281.8096186103376,82.20387444911475,62.53379495984305,68.3712461465271,130.90504110637016,5.60695973722379,0.5363137212421071,6.718393448174444,6.6801298508746,1.015493279982485,11.189622790297811,"(405.8676832710392, 40.91447718485756)","(347.620268505759, 63.66781068219612)","(281.8096186103376, 82.20387444911475)",12.597680248837284,5.406615892897679,6.028467298732655,19.087612923753408,20.016697951257136,20.038220524365403,19.714177133125315,0.4431349204908765,12.597680248837284,5.406615892897679,6.028467298732655,19.714177133125315,19.1,20.0,20.0,19.7,8.010921146822538,3.9844000913150106,0.49737102866071625,1.4718368e-06
sample,1.1801444235588,193.0280002299696,207.8269996214658,457.9470706833191,148.45069120990303,416.8300608963259,276.8624728607629,380.2467364066411,413.9423754052244,134.83395032621348,141.87755041695863,276.7115007431721,2.8122768834142997,0.5664788064647617,7.775612514406936,6.961049615604537,0.9773109543186868,11.200212005219978,"(457.94707068331905, 148.45069120990303)","(416.8300608963259, 276.8624728607629)","(380.2467364066411, 413.9423754052244)",5.0136491073250955,9.357219816127769,7.085920091080527,20.365191376657613,19.231234124624343,20.019124001381506,19.871849834221155,0.4745046698711492,5.0136491073250955,9.357219816127769,7.085920091080527,19.871849834221155,20.4,19.2,20.0,19.9,7.152263004844464,2.172545203729293,0.3037563358978489,2.9713774e-05
sample,1.1801444235588,193.0280002299696,207.8269996214658,360.4644934192298,478.7732055411879,276.7978883926079,360.629216883013,187.5790857740227,244.13419104301212,144.7691363956548,146.73474634917432,291.5038827448291,2.141867573785446,0.6297196173595274,10.741452028448863,5.484054888431558,0.941402452993958,12.025495177743164,"(360.4644934192298, 478.77320554118785)","(276.7978883926079, 360.629216883013)","(187.5790857740227, 244.13419104301215)",4.17188706277873,3.031614210181239,135.41613665008572,20.26985337895505,20.143039138660043,16.77755038883795,19.063480968817682,1.6172259016085246,4.17188706277873,3.031614210181239,135.41613665008572,19.063480968817682,20.3,20.1,16.8,19.1,47.53987930768189,76.10520684503707,1.6008708468205841,3.331695e-05
sample,1.1801444235588,193.0280002299696,207.8269996214658,349.0730630316302,357.56748105793,417.4809847361232,261.9828942391037,493.5923787972412,167.7116793423843,117.5417244609495,121.16107569690128,238.7028001578508,3.3257156725833235,0.6340905634933917,8.984609893574504,7.028808448093699,0.9573911444524932,11.189622790297811,"(349.0730630316302, 357.56748105792997)","(417.48098473612316, 261.9828942391037)","(493.59237879724117, 167.7116793423843)",2.986114464274355,3.371564140761727,7.888001815021116,20.50688275888962,20.492739553136676,19.794497302809127,20.264706538278475,0.3325382698855816,2.986114464274355,3.371564140761727,7.888001815021116,20.264706538278475,20.5,20.5,19.8,20.3,4.748560140019066,2.7256583399851886,0.5739968031602617,2.7678678e-05
sample,1.1801444235588,193.0280002299696,207.8269996214658,187.89756217785776,71.27243876554994,168.77251036577894,90.25583631790468,156.02014637255178,110.71078885608526,26.946929128296745,24.104519716330728,51.05144884462747,13.272055774826066,0.6509311558600746,7.838976845455953,5.533796856056707,0.8308211544249632,11.189622790297811,"(187.89756217785776, 71.27243876554994)","(168.77251036577894, 90.25583631790468)","(156.02014637255178, 110.71078885608526)",3833.6394809925646,4.631292699671495,3.9852735532139953,13.138256553522288,20.039185707333626,20.732346723668858,17.969929661508257,3.4282081632117793,3833.6394809925646,4.631292699671495,3.9852735532139953,17.969929661508257,13.1,20.0,20.7,18.0,1280.7520157484835,2210.8654215002425,1.7262244324543905,3.2749654e-06
sample,1.1801444235588,193.0280002299696,207.8269996214658,267.51347581803014,140.72748083071983,312.89417470363884,156.6872215553534,355.43603088840257,179.2786631506839,48.10531317166342,48.16827546217894,96.27358863384237,8.594063051588531,0.6591684114422945,8.316589117734795,7.197924531546242,0.9300073805674728,11.189622790297811,"(267.51347581803014, 140.72748083071983)","(312.89417470363884, 156.6872215553534)","(355.43603088840257, 179.2786631506839)",7.793674870536476,3.4026192685031726,2.2902412302820085,19.349136537880273,20.30329487821284,20.29848736540353,19.983639593832212,0.44866570632942065,7.793674870536476,3.4026192685031726,2.2902412302820085,19.983639593832212,19.3,20.3,20.3,20.0,4.495511789773886,2.9099408938083653,0.6472991352014069,5.4019943e-05
sample,1.1801444235588,193.0280002299696,207.8269996214658,455.4989461862041,135.78101720150875,448.1685121421253,89.36264144843304,432.13163491814873,39.70554847708533,46.993625853176255,52.182452160299725,99.17607801347596,8.923894773778049,0.6722641370015707,8.15072298256268,8.094666907163678,1.0313447742594,11.189622790297811,"(455.4989461862041, 135.78101720150875)","(448.16851214212534, 89.36264144843304)","(432.13163491814873, 39.70554847708533)",4.27221352774526,3.089494795941531,16.72341850423895,20.503328247696675,20.542198642719793,19.01337909787775,20.019635329431406,0.7117075380415461,4.27221352774526,3.089494795941531,16.72341850423895,20.019635329431406,20.5,20.5,19.0,20.0,8.028375609308581,7.553312790302622,0.9408270312545987,6.421517e-05
sample,1.1801444235588,193.0280002299696,207.8269996214658,317.40996884500225,373.98617142967714,369.1324627697928,367.7495412047495,426.716544749225,369.0722648101128,52.0971394067129,57.59927165468461,109.6964110613975,8.191326434688522,0.6725042359800845,8.258135606104027,8.206692241822491,1.026884167735327,11.189622790297811,"(317.40996884500225, 373.98617142967714)","(369.1324627697928, 367.7495412047495)","(426.716544749225, 369.07226481011276)",3.8706234682552534,4.45206068049151,7.9661649029652395,20.208516899030176,20.042806169298057,20.197107288978252,20.14947678576883,0.07557120313132963,3.8706234682552534,4.45206068049151,7.9661649029652395,20.14947678576883,20.2,20.0,20.2,20.1,5.429616350570668,2.2158691809162643,0.40810787316186165,8.261237e-06
sample,1.1801444235588,193.0280002299696,207.8269996214658,11.54125490138466,462.9039587404359,41.3169152746747,473.81312160310375,67.41304891413489,478.3436537948164,31.71119337126445,26.486485475968877,58.19767884723332,10.272834611265342,0.6810162214346891,9.35981110743986,4.723486194747146,0.7757648410411038,11.189622790297811,"(11.541254901384661, 462.9039587404359)","(41.3169152746747, 473.81312160310375)","(67.41304891413489, 478.34365379481636)",5.406621029817487,3.4899145743494824,3.797213443592684,19.87673227288096,20.170605099579934,21.72550808771461,20.590948486725168,0.8111758649088784,5.406621029817487,3.4899145743494824,3.797213443592684,20.590948486725168,19.9,20.2,21.7,20.6,4.231249682586551,1.0294326115283778,0.24329280679534104,1.81658e-05
sample,1.1801444235588,193.0280002299696,207.8269996214658,199.30584412396848,67.83352843477212,156.46183358836862,110.94055200733416,112.49157083948018,147.36490160006483,60.77684361712125,57.0974364526092,117.87428006973045,5.537451929486989,0.6875393915025352,10.21817048798973,5.509696048289392,0.8725630370918549,11.189622790297811,"(199.30584412396848, 67.83352843477212)","(156.46183358836862, 110.94055200733416)","(112.49157083948018, 147.36490160006483)",28.33132449604439,4.588803774761661,9.768248816544675,17.995505113992365,20.110868467039463,19.484177105210172,19.196850228747333,0.8871708138072335,28.33132449604439,4.588803774761661,9.768248816544675,19.196850228747333,18.0,20.1,19.5,19.2,14.22945902911691,12.484134730557184,0.8773442971381855,2.7104436e-06
sample,1.1801444235588,193.0280002299696,207.8269996214658,221.8168054856282,137.52005852936574,167.0686923721559,199.71811736298827,118.07800437080012,266.0667725591684,82.86105485785423,82.47564220536742,165.33669706322166,4.913439474257302,0.7011365649522766,9.973996462064155,7.06409043432285,0.9244716376968204,11.189622790297811,"(221.8168054856282, 137.52005852936574)","(167.0686923721559, 199.71811736298827)","(118.07800437080013, 266.0667725591684)",16.41400516413808,3.2574841606950606,42.34760295388124,18.923876167746762,20.48217533587208,17.93613479502408,19.114062099547642,1.0480803485107482,16.41400516413808,3.2574841606950606,42.34760295388124,19.114062099547642,18.9,20.5,17.9,19.1,20.67303075957146,19.890043264992396,0.9621251715007222,2.6433938e-05
sample,1.1801444235588,193.0280002299696,207.8269996214658,244.6846289666009,58.35185101048504,191.05264976498395,104.78127355740712,131.33355024917586,165.7414660434817,70.93715860621508,85.33765824604194,156.274816852257,4.706349620017791,0.7569789768494555,11.147536636369932,7.001865873368345,1.1173398187399102,11.189622790297811,"(244.6846289666009, 58.351851010485035)","(191.05264976498393, 104.78127355740713)","(131.33355024917586, 165.7414660434817)",2.043399267535595,153.71430425905092,8.220986827106339,20.809400319622533,16.443842736623296,20.13491715560967,19.129386737285166,1.9188263460168258,2.043399267535595,153.71430425905092,8.220986827106339,19.129386737285166,20.8,16.4,20.1,19.1,54.65956345123095,85.83951248925133,1.5704390424896122,2.0067517e-05
sample,1.1801444235588,193.0280002299696,207.8269996214658,213.5993566767661,385.9282874015753,112.51796745658046,311.1317891230524,1.6173654003396507,240.969529183012,125.74562975074616,131.23142251888638,256.9770522696325,4.180217014847733,0.7767870949130871,10.573226740782117,9.56596255157386,0.9693113094553156,11.189622790297811,"(213.5993566767661, 385.9282874015753)","(112.51796745658046, 311.1317891230524)","(1.6173654003396507, 240.969529183012)",7.9182266887477875,11.52936947450425,10.396133200409116,19.86014702972664,19.44945292983573,19.600694174257985,19.636764711273454,0.16959407153895348,7.9182266887477875,11.52936947450425,10.396133200409116,19.636764711273454,19.9,19.4,19.6,19.6,9.94790978788705,1.846825986775671,0.18564965165088607,3.377827e-05
sample,1.1801444235588,193.0280002299696,207.8269996214658,293.04049156375913,93.20868200092676,155.11037710646298,43.93126102080825,2.800887351619963,1.550361056383764,146.46836072222098,158.09592452424317,304.5642852464641,4.110463589977777,0.7863666663615645,11.332255787714006,11.332252609613208,1.0025249673187286,12.166644143978472,"(293.04049156375913, 93.20868200092676)","(155.11037710646298, 43.93126102080825)","(2.800887351619963, 1.550361056383764)",5.182663389579652,2.289774426823356,207.19154575744784,20.093653403824877,20.590224106772492,15.521774380530367,18.735217297042578,2.2812726198357436,5.182663389579652,2.289774426823356,207.19154575744784,18.735217297042578,20.1,20.6,15.5,18.7,71.55466119128361,117.47389302627596,1.6417364161957064,6.925662e-06
sample,1.1801444235588,193.0280002299696,207.8269996214658,101.3563528002944,505.6455696088525,74.44592735248881,495.1310950771474,41.57808827266618,473.857214191829,28.89161076263796,39.15192017896223,68.04353094160018,11.571531780422234,0.8280246837220524,10.687990216908233,7.853529887862919,1.2586345668606806,11.189622790297811,"(101.35635280029439, 505.6455696088525)","(74.44592735248881, 495.1310950771474)","(41.57808827266618, 473.85721419182903)",28.05301420908937,6.269047579597676,5.163993874650834,18.35862279405464,19.937843112615496,20.470385653892254,19.588950520187463,0.8967274297264659,28.05301420908937,6.269047579597676,5.163993874650834,19.588950520187463,18.4,19.9,20.5,19.6,13.16201855444596,12.90781157333267,0.9806863225377067,3.8539697e-06
sample,1.1801444235588,193.0280002299696,207.8269996214658,433.6626961939207,509.67985341151086,424.0106645092667,506.30664643070907,423.9586156669004,506.3350852564423,10.224492211200248,0.0593114558980989,10.283803667098349,47.9152100090794,1.2804578702638776,10.9687158312599,0.0440182217529256,0.0053878460741867,11.189622790297811,"(433.6626961939207, 509.67985341151086)","(424.0106645092667, 506.30664643070907)","(423.9586156669004, 506.33508525644226)",7.85080109342352,16.002886506437314,23.87618289434058,19.82441605416732,18.78561604134135,18.842765828422408,19.15093264131036,0.47679587182633104,7.85080109342352,16.002886506437314,23.87618289434058,19.15093264131036,19.8,18.8,18.8,19.2,15.909956831400471,8.01309505807012,0.5036528472695276,2.9075925e-05
